totalEscrowed,isContract,totalStaked,unstaking,unstakingAmount,wallet
78677044425049425830,,184803023943460132116,,"{""type"":""BigNumber"",""hex"":""0x00""}",0x461783a831e6db52d68ba2f3194f6fd1e0087e04
3695056200717804561336,,7473985583997164084812,,"{""type"":""BigNumber"",""hex"":""0x00""}",0x2db6f5e838ed2bad993e9ff2d3d7a5c1cc35704c
6237168319689598244,,0,,,0x1777281a2b6610d40ff726c3e03bbdc3b93d31ad
2080987847382765801494,,771557410245426406116,,"{""type"":""BigNumber"",""hex"":""0x00""}",0x510b0068c0756bbefcbaffb6567e467d661291fe
1098004634896164299741,,98816291835540829108,,"{""type"":""BigNumber"",""hex"":""0x00""}",0x1b89a08d82079337740e1cef68c571069725306e
104587164467905608523,,0,,,0x0a653bd08e2b0a80d1d212d33032953db8298efd
122140222403322585001,,0,,,0xc42c23c8287050c6d0cda3146b89efbb8ab7c748
649972964871921589255,,850062290816212487843,,"{""type"":""BigNumber"",""hex"":""0x00""}",0x526c7665c5dd9cd7102c6d42d407a0d9dc1e431d
17980107289051923965658,,23587252581090095688790,,"{""type"":""BigNumber"",""hex"":""0x00""}",0x885f3a936698b2dd7909caa673bbadf7dfc26fe2
12717956885541808010459,,5641403470862276541525,,"{""type"":""BigNumber"",""hex"":""0x00""}",0x7adc5defa1d360f50e698cda6f509d31284b2684
1755517807358290315256,,0,,,0x9f320ac9c644c9c36bb81f35cea0870419752d0b
21238251748142663889504,,0,,,0x629b1166064abc68a4ea392e37cd4133103d7516
5251984427127805004,,0,,,0xbddafe3c39e7c7bd313e6551e54628eb9ce163dc
1446637655207090773067,,1507707779109765521418,,"{""type"":""BigNumber"",""hex"":""0x00""}",0xcd917bf1dbae5dd0de7daae63926ec81b42faf77
3877998878671831462,,0,,,0xc00696aaa55cdd53eb25e83ccf23552db5004748
489839196753275128,,0,,,0x4257bc72ea94e5f7459190dee12236ee7ee0203c
78002826507967275177,,0,,,0x051203d8cbd5bec7c146f2069732f2f702090bc6
1954049350404753565002,,42812170121696410573,,"{""type"":""BigNumber"",""hex"":""0x00""}",0xdfab977372a039e78839687b8c359465f0f17532
1970061812346308817741,,3591043221257576670656,,"{""type"":""BigNumber"",""hex"":""0x00""}",0x67e5ab5b573f01030a1076dda7a79ef0f31a1bfa
54579080798054385696,,352299409557197349406,,"{""type"":""BigNumber"",""hex"":""0x00""}",0x0045fa93dedb0af02956f7d7c306b34263688872
1605532821230537465701,,956911586864945975399,,"{""type"":""BigNumber"",""hex"":""0x00""}",0xa24727b0b849732db0258b6fe1b7f3e325d40f76
21258846039385761170524,,59760963898848820750676,,"{""type"":""BigNumber"",""hex"":""0x00""}",0x7a7c5a94495c9c9c60d88a85f7e43b657c3b6b5c
27547569627947371536,,137000000000000000000,,"{""type"":""BigNumber"",""hex"":""0x00""}",0xf95b6448329768333bd0c3f36e26ef8bb3134940
1715256749152703155027,,6533362361140408259796,,"{""type"":""BigNumber"",""hex"":""0x00""}",0xbab7de4b5063ca0cf14f90b8f86b0dc1f5f8cf4b
7323454473559555243884,,23500456500666825808045,,"{""type"":""BigNumber"",""hex"":""0x00""}",0x0404bba9218774da40106de4fb8a8970bcaf4dae
1422431125213530927046,,888000000000000000000,,"{""type"":""BigNumber"",""hex"":""0x00""}",0x3a20d6cde0f85303f0fd623d3dc5755d41f7ab41
506618137562438935,,137000000000000000000,,"{""type"":""BigNumber"",""hex"":""0x00""}",0x91024f6f6764f75eabdbec36b900f1f1838c8b2b
40604005111110062414,,1046148593184987139406,,"{""type"":""BigNumber"",""hex"":""0x00""}",0x45f3fc38441b1aa7b60f8aad8954582b17c9503c
71913576793357485219785,,227915597540976180896904,,"{""type"":""BigNumber"",""hex"":""0x00""}",0xa982bbdaf783eb7c3914d988b7e2a0be865ccb53
13398980591559737530027,,39873065702397493816421,,"{""type"":""BigNumber"",""hex"":""0x00""}",0x21f6f13f78a18c3b12616e7ebe8b3fdff869b14f
4360706149494041634,,835701356719317110227,,"{""type"":""BigNumber"",""hex"":""0x00""}",0x20288c00bff0a616a1ec9e7d351948f1ef77b974
13782569563644040074,,137000000000000000000,,"{""type"":""BigNumber"",""hex"":""0x00""}",0x08f38b09777486bac18df882f2b9e9a181e36bc2
41742347677235672319,,5228813309643828725179,,"{""type"":""BigNumber"",""hex"":""0x00""}",0x3432f2e175b57c904058a90528201280414ecce7
6736840068997571204959,,17641205474494730110082,,"{""type"":""BigNumber"",""hex"":""0x00""}",0x888412fe22910ad8af968fef0ea9e9a92689b54b
54062748757386467688,,0,,,0x26c6a9d6d013b9719002026b32d4ec7ad9d1f264
804439889379016606405,,2981030018064715242315,,"{""type"":""BigNumber"",""hex"":""0x00""}",0xbf49b454818783d12bf4f3375ff17c59015e66cb
766311080683820647330,,1699957091668647068531,,"{""type"":""BigNumber"",""hex"":""0x00""}",0x7b3e062b606a177c2dad79d0eb1c81941efe26c0
83244498028132680854,,0,,,0xe5eca5f78a45be012d6ef416d5e6765d1ceab6f0
1360813597927867989419,,0,,,0xcda16a18d3f942571e7ba81b7d2219a6802c45a1
67555865789064607908,,0,,,0x0f2f9599c19cddd869d0bbf7bc3bfe354dd5b40a
37426350899456540755,,137000000000000000000,,"{""type"":""BigNumber"",""hex"":""0x00""}",0xa2489d15e95260897d87f4414259f90566dcef4a
106690951283264569140,,146701049120676265487,,"{""type"":""BigNumber"",""hex"":""0x00""}",0x3aef3ab2bdf88439586dca812f9627a88c363989
1552252254214327221906,,4867450193929951627011,,"{""type"":""BigNumber"",""hex"":""0x00""}",0x93df2bea2e66d8c4fe547262bb07975d2774469d
18667855547475367867575,,64189083801472604575817,1,"{""type"":""BigNumber"",""hex"":""0x0267ef6cd18b44480000""}",0x215b67d707ced250c3803a19348e9c565e42d7a3
644124666209009463536,,409019496304828010648,,"{""type"":""BigNumber"",""hex"":""0x00""}",0x5356df73b293bd9c6e8efd22c99833391ef8821a
333909449611884407156,,356389257640826221155,,"{""type"":""BigNumber"",""hex"":""0x00""}",0x3e03e274eb8c770d95b849230cb8087e192ee311
4924913796322867559813,,21403402554937029044889,,"{""type"":""BigNumber"",""hex"":""0x00""}",0x9f3226e9de5983804e7003a779ef2e59f7e09733
1707409511305933220913,,5233041455859196310114,,"{""type"":""BigNumber"",""hex"":""0x00""}",0x89b76bdda22a59014e7c67a612ca80dad957e13d
1139360072160270500000,,0,,"{""type"":""BigNumber"",""hex"":""0x00""}",0x9470ad737b2942d2e8ac9fac80781291464ab6b5
1696121111485113370000,,5024034221546254446779,,"{""type"":""BigNumber"",""hex"":""0x00""}",0x841b152e501cdcb4f0452e5d69e8efad407759f3
1126789515369977456156,,0,,"{""type"":""BigNumber"",""hex"":""0x00""}",0x81aa6141923ea42fcaa763d9857418224d9b025a
34303669022489231100000,,101609965188558809381258,,"{""type"":""BigNumber"",""hex"":""0x00""}",0xf40b3d16ae26262db9b19e0ec80d8a490c40bdcb
6039453468072253661079,,1172796410888963414289,,"{""type"":""BigNumber"",""hex"":""0x00""}",0xccc020e1cca71c096ea0316850c1671846eaf5ba
16394032553627874416431,,51587415986150957733394,,"{""type"":""BigNumber"",""hex"":""0x00""}",0x739f9535bcd439483a1538431f92f358a80f1801
2934515151837841230000,,12541453454837798529632,,"{""type"":""BigNumber"",""hex"":""0x00""}",0xb15a835d5254b3846deec5d3600a5c18765a5026
807221755844999890000,,0,,"{""type"":""BigNumber"",""hex"":""0x00""}",0x59932c8e0b3cf2d9f890bb5f4d30291086e651f9
8430408011448077901355,,24584349715175256030131,,"{""type"":""BigNumber"",""hex"":""0x00""}",0xe6945ed413f233e248bcdf2a5af249b6af7cd58c
15746041748292031300000,,20629652932434505,,"{""type"":""BigNumber"",""hex"":""0x00""}",0xf21accefee7af421eac9943bc16dc9e7c186c82b
14981465870915074597358,,43378766931358451691390,,"{""type"":""BigNumber"",""hex"":""0x00""}",0xf658269ca1b33e2557f0e0b5088748cbe71b627b
1974613032466681470000,,6215543878356541234554,,"{""type"":""BigNumber"",""hex"":""0x00""}",0xc40d9c885c9b732884135869ebb702d48a43f895
2101027767108659221305,,100000000000000000000,,"{""type"":""BigNumber"",""hex"":""0x00""}",0xcfcce06af0ee209dfa340247199057fe619c98c9
358345998488112621943,,1561950530678162801380,,"{""type"":""BigNumber"",""hex"":""0x00""}",0x584313319d0bfead2a9d98a7154f5dcb5a62887f
176017905142630550000,,0,,"{""type"":""BigNumber"",""hex"":""0x00""}",0x2fcd6260c2dd56601ae9cd030222933548f60c28
5324437217812770576091,,20545755073892842749775,,"{""type"":""BigNumber"",""hex"":""0x00""}",0xabe648928a8d5b1d943d5d237de71bb2a0c2794c
2860969961967160932382,,1355574022670726740183,,"{""type"":""BigNumber"",""hex"":""0x00""}",0x4a8b9e2c2940fdd39aceb384654dc59acb58c337
3518792031564325750757,,12682848653236354211445,,"{""type"":""BigNumber"",""hex"":""0x00""}",0xa37ec72f16b09664b633213defdc0fc077c225ed
67973932191298954000,,311529374261630024429,,"{""type"":""BigNumber"",""hex"":""0x00""}",0x2e403b969a64bdd1ca18fe10baba4546957bc31e
1416689238728409740000,,8055607788087267893216,,"{""type"":""BigNumber"",""hex"":""0x00""}",0x2809ca176dee44c51ccad4e992e7f9f2d128eb47
488804925939901657117,,0,,,0xd8e88db8b3e6dd20e1d2f5af1a4a8e1b5b16133d
3259936478968420180000,,19282684465075110411206,,"{""type"":""BigNumber"",""hex"":""0x00""}",0x6e3aa85db95bba36276a37ed93b12b7ab0782afb
41860054130347835773,,159501712320036069533,,"{""type"":""BigNumber"",""hex"":""0x00""}",0x2fba909aed4345ac0c67c75c51d955f822b14629
1127877030585492369601,,0,,"{""type"":""BigNumber"",""hex"":""0x00""}",0x05e09d942505764bca4475abf8efdbc21d1c535b
1446521795717839681205,,4211521734652699486390,,"{""type"":""BigNumber"",""hex"":""0x00""}",0x8be60fe9f7c8d940d8da9d5ddd0d8e0c15a4288b
734623115888885500000,,0,,"{""type"":""BigNumber"",""hex"":""0x00""}",0x828355119398b77d364f41ef6533dad936d5b5c1
1782070287313113768046,,500000000000000000000,,"{""type"":""BigNumber"",""hex"":""0x00""}",0xf9f80337bf4c3881fe93180a34adf4cf32a779d8
2601505753291601601854,,6602803902784897216580,,"{""type"":""BigNumber"",""hex"":""0x00""}",0x83de91ffc033e10eaf41ae3447ba94e45fca29c2
1691424212002317730852,,5212587520475168966603,,"{""type"":""BigNumber"",""hex"":""0x00""}",0xf0b84d97327b4a27d7ff1ef03fe9bb37e554628d
8984219815443857850000,,52753554750000000000000,,"{""type"":""BigNumber"",""hex"":""0x00""}",0x4b2c52444c5e50ccbde0d410af47ff9ab5008f85
298041246673830594056,,176935989022817391948,,"{""type"":""BigNumber"",""hex"":""0x00""}",0x0716266cc5d3c443e30b0c4e9c72afa33778e1de
164613742010762724431189,,94140925255309130986374,,"{""type"":""BigNumber"",""hex"":""0x00""}",0x27cc4d6bc95b55a3a981bf1f1c7261cda7bb0931
10671223813268684500000,,31720728676001724291155,,"{""type"":""BigNumber"",""hex"":""0x00""}",0x0fb637f98174740397a319d3686acb730f7353d1
777674527324366700000,,0,,"{""type"":""BigNumber"",""hex"":""0x00""}",0x230a923945889e808f8d546795e21c6a26213394
10699333498221921558,,0,,,0x65b435425e7928c594997f38681b542234be91d3
15420860018279416457458,,61513420071839361337111,,"{""type"":""BigNumber"",""hex"":""0x00""}",0x8c42138c925d1049ec6b29f1ecf817b1628e54ba
23938645541150016156273,,21884321239393964490645,,"{""type"":""BigNumber"",""hex"":""0x00""}",0x7113fbdc1c6ef083a72ba152b446b10654e4e05e
13738612594056334119777,,12557011543116953129496,,"{""type"":""BigNumber"",""hex"":""0x00""}",0xc6a21511ebd02525cf94bd1dd379fde007550dea
8813375454123094894283,,0,,,0xc34a7c65aa08cb36744bda8eeec7b8e9891e147c
25015326031567836400847,,0,,,0xa5f7a39e55d7878bc5bd754ee5d6bd7a7662355b
975212324150586670000,,4583566639427266153967,,"{""type"":""BigNumber"",""hex"":""0x00""}",0x98bc51fe6e87d09dedc88d1acfcc618cf12ef571
29929075468111381771,,0,,,0x344215ca4219520166c7478c0afb07c92e14b790
8634083135537077499854,,1716991176556361461529,,"{""type"":""BigNumber"",""hex"":""0x00""}",0x85257f61bcf59f7498007d8e08d6efb7ac1eef4c
4315698304302715049573,,9940089622753960509246,,"{""type"":""BigNumber"",""hex"":""0x00""}",0x16b8cc5b1558b365d9844385425b13bde0ceaa49
9778160085550810239,,137000000000000000000,,"{""type"":""BigNumber"",""hex"":""0x00""}",0xe596b99eece300f0ba4b0311dc57337661ad4b68
2343424402548009490450,,1186948853405647105269,,"{""type"":""BigNumber"",""hex"":""0x00""}",0x1d3666a6b38a3b7eb22a98f62b2e52a44890450f
3400565098645651720130,,5725691170829548513094,,"{""type"":""BigNumber"",""hex"":""0x00""}",0xd1c4bbc87fa736e9514d03adff789395ed123baa
8263717252384831791469,,0,,,0xb5a9621b0397bfc5b45896cae5998b6111bcdce6
1186558707637088110000,,5641198115330583237925,,"{""type"":""BigNumber"",""hex"":""0x00""}",0x7c52606470fd31e00ee707514d4deaec29b352f0
1438345242655470216465,,1771423764651825730227,,"{""type"":""BigNumber"",""hex"":""0x00""}",0x7e935fac4448102c16fa83abc01ac57d38123dca
4594157740942333660000,,22340816818355170182045,,"{""type"":""BigNumber"",""hex"":""0x00""}",0x752cdfdffaeebe73bb1388f69f94553ade64c988
3442380717693698350000,,10983907222884245606457,,"{""type"":""BigNumber"",""hex"":""0x00""}",0x613d048cbd27c709d9a75a18a420882a144c3a5e
11595521913698535190387,,49841783497617699467398,,"{""type"":""BigNumber"",""hex"":""0x00""}",0x70265950add51748aa041de8accce6747507adce
5231776724758137250000,,14751076751235663657130,,"{""type"":""BigNumber"",""hex"":""0x00""}",0x214f7b85a0f0aa067bcc2ea6263dd4b0ede8957c
661978786372295808532,,0,,"{""type"":""BigNumber"",""hex"":""0x00""}",0xbcbe92712d4b4d99b7cdeed533141fd323820375
284243868946899783000,,966755679443523593431,,"{""type"":""BigNumber"",""hex"":""0x00""}",0x843bf3483732ee72045801ddd415e5f119282c34
414347235426736902000,,1745567658567346894163,,"{""type"":""BigNumber"",""hex"":""0x00""}",0xfb5046f70531e73697329fb491a124a14bf32a42
6396394806084831077238,,996063334896293078192,,"{""type"":""BigNumber"",""hex"":""0x00""}",0xdcb7e8f1b586c94dde9b430557e4df6727779aca
2684575851898371013194,,3695687072773534032371,,"{""type"":""BigNumber"",""hex"":""0x00""}",0x1f7d1970b0e9f229df8d81f1f358f08ee52462fd
12353225960041112377639,,0,,"{""type"":""BigNumber"",""hex"":""0x00""}",0xbbb33d2e7bd7ddc722e53da9ca8ee97df41cfabf
116657025959169929744,,285550099841592182616,,"{""type"":""BigNumber"",""hex"":""0x00""}",0xd7ccdf5d758280995dc0f37bc8668c36bc490554
1558107236629511860000,,5360837475447380101018,,"{""type"":""BigNumber"",""hex"":""0x00""}",0x9d89d94b429340feb333958216ef6c5c4c1c93c7
2684498327665796989803,,0,,,0x06517e034ce7bda386840ce9e5a02c3c53b47220
2114800218833524061116,,6810355718194236415654,,"{""type"":""BigNumber"",""hex"":""0x00""}",0x8dbce5563c2d86857a7d559453282f315f90bfb8
1441405579057073150000,,6298872910370898162274,,"{""type"":""BigNumber"",""hex"":""0x00""}",0xa341c5b993e0dbf832994bbe9306618fe1e53bb1
1724229894410766902614,,8019401434723327125021,,"{""type"":""BigNumber"",""hex"":""0x00""}",0x36d960741d2ea0bfccfa23838828af528e38cd9a
3043772895035639261670,,11140875579224004200460,,"{""type"":""BigNumber"",""hex"":""0x00""}",0x58f2413991651f4f259f8f604efe65f97afd30b0
647996264293234267596,,1634296142970250729866,,"{""type"":""BigNumber"",""hex"":""0x00""}",0xab7ab9b6495072c1136f96e301bd8f8de900f119
221920638031622000000,,0,,"{""type"":""BigNumber"",""hex"":""0x00""}",0x26f41bd7925e343a5c1a058e36d1295e80e931bd
937554236680036282800,,4048433992813848346200,,"{""type"":""BigNumber"",""hex"":""0x00""}",0x8630821cd31ff019e7addfe0d21c3f401a436d0f
730735246043610335000,,3232656227974057431643,,"{""type"":""BigNumber"",""hex"":""0x00""}",0x0bd1454fa01dd11bf6646bf8bc17a3e48fda3734
3706824404602003648004,,18361000000000000000000,,"{""type"":""BigNumber"",""hex"":""0x00""}",0xa9c6e2cef1c161ad81f009463d3d760ec34d1286
5363271973931771817958,,25869240984768782587200,,"{""type"":""BigNumber"",""hex"":""0x00""}",0x6d9148e201304aa9cca58a759a134a3fb58fe718
124998246763064878408,,0,,,0x388e2ac942b8f08d1ce55a5188e0dd3988b3a43c
299615546081425304911,,2090291811693434884033,,"{""type"":""BigNumber"",""hex"":""0x00""}",0x3b1e215fe1138aa9034b5e6de39892e45ac05176
901785438536048160000,,4385718514406945356160,,"{""type"":""BigNumber"",""hex"":""0x00""}",0x92a2931beeb8403324dc1d6d44b6db54b439f518
841492742678218396272,,5758005682613980636073,,"{""type"":""BigNumber"",""hex"":""0x00""}",0xc2596d2f8b5e0285ebf7b6144b8e539d6dfbe893
4830695474627705340000,,35614180737841492257551,,"{""type"":""BigNumber"",""hex"":""0x00""}",0x28a5ec068ae7500cbf21b989d62c7a81e2665b18
430632817452064937442,,9205483591140079095659,,"{""type"":""BigNumber"",""hex"":""0x00""}",0xb729973d8c89c3225daf9bc2b2f2e6805f1e641b
398377778329468790000,,0,,"{""type"":""BigNumber"",""hex"":""0x00""}",0x078219b1128ce545555a71088a4bcf3fd8ab39c3
38192428749529885614,,0,1,"{""type"":""BigNumber"",""hex"":""0x0f300325dab9861495""}",0xf9ae06309ca551cdb2fb72831efa2d4fe67cec87
140794195041719518000,,0,,"{""type"":""BigNumber"",""hex"":""0x00""}",0xef6ea539e3c71c1399c9d12c2b3eda2a0dff9c9e
163729509697096786740,,137000000000000000000,,"{""type"":""BigNumber"",""hex"":""0x00""}",0xca9d833ee847a31e3fbb02c14718ca1c7270a0fb
2616960045450060582781,,0,,"{""type"":""BigNumber"",""hex"":""0x00""}",0xdca7125336a3ada3ece34860efebc230b6e3cc2e
222601685560468712229,,1095540152054826221966,,"{""type"":""BigNumber"",""hex"":""0x00""}",0xe18026b8d3ed02ced8368d2aa6376133f8442403
492698355079538230000,,0,,"{""type"":""BigNumber"",""hex"":""0x00""}",0x89d11c2cf067ab7359c002e348397b25579f2c96
198797225240447870000,,0,,"{""type"":""BigNumber"",""hex"":""0x00""}",0x93713bcbe5d637f5dab950825b4c8c3965fae60a
79527213378135596716,,0,,,0xdbb28c659a243cd81f21f494bfd70ba7f9932a97
6699267320899814136360,,37102032892994967647595,,"{""type"":""BigNumber"",""hex"":""0x00""}",0xd2c32f54a26285decf30e6d208f722e7d5fd3f58
2549718808200567440000,,10663558104268505236714,,"{""type"":""BigNumber"",""hex"":""0x00""}",0x3b3540c429e6cec4f63d161ad2788a7d4a9a7b2b
1179363633582042510000,,0,,"{""type"":""BigNumber"",""hex"":""0x00""}",0x756e87e8fc39ae79d3d0c0fe8f8561316d77451a
63070479153491213282,,0,,,0x4f50d47d20380172746527bbeaa274940c38efac
291630324185006346000,,0,,"{""type"":""BigNumber"",""hex"":""0x00""}",0xff5d6d6f0ca61ac902274595a1297e11071b91a5
101328496793287286855,,0,,"{""type"":""BigNumber"",""hex"":""0x00""}",0x46a616660920ccf12997d1545ccc7c41b00343a5
2444674763844467700000,,0,,"{""type"":""BigNumber"",""hex"":""0x00""}",0x92720ecf87cc6584484489264b30438c21ec096a
2746470503025378823394,,6227083821270758404898,,"{""type"":""BigNumber"",""hex"":""0x00""}",0x2421134c8e8278ad199f6886ae70c5c373da3b48
1132583882971301780000,,7280197668259531338097,,"{""type"":""BigNumber"",""hex"":""0x00""}",0xba5e3d426cb8692a09c43ac496c79e533f2143f2
4319757141808450303266,,31874512070999754987343,,"{""type"":""BigNumber"",""hex"":""0x00""}",0x2ce5f9f52c1eec9a1183f91139c59b485ff39dad
507439230957451756221,,6412215709125528916920,,"{""type"":""BigNumber"",""hex"":""0x00""}",0x86b86392e693077ec58e27331db02563752440a0
77318671294304215036,,270225330856915578458,,"{""type"":""BigNumber"",""hex"":""0x00""}",0xdbb70fbedd2661ef3b6bdf0c105e62fd1c61da7c
524198093869137526473,,2689620676175664427309,,"{""type"":""BigNumber"",""hex"":""0x00""}",0x1239eaecdf3a755970f413d8b7fcd1e7495ea97c
7665382927022217100016,,35068529992284974769002,,"{""type"":""BigNumber"",""hex"":""0x00""}",0xcc2b9fde1e59342c1ae10ebc02bb44e1dbe2b02d
3239480709860440870000,,13237862862403138990739,,"{""type"":""BigNumber"",""hex"":""0x00""}",0x26fae3a7cb7da6c764e86540115d4b8a1d5590a8
783888868715742760010,,410453799457312663790,,"{""type"":""BigNumber"",""hex"":""0x00""}",0xecba5f51925e6ccec26da38dcd7d5305f6bdfbcb
317256275674255838190,,1921438266732422301303,,"{""type"":""BigNumber"",""hex"":""0x00""}",0xc789026a0f0b15c532c77405491331997f2b2bbc
192828105898741235247,,400000000000000000000,,"{""type"":""BigNumber"",""hex"":""0x00""}",0xb5f2949aaddd62c07ab10ffd39964faf60887560
1077399270946869465000,,7708905984855820105820,,"{""type"":""BigNumber"",""hex"":""0x00""}",0x050fe16ed4b9a4cef1fdea1fa4f862cc108a2503
19444933675667287674,,288002528741532373067,,"{""type"":""BigNumber"",""hex"":""0x00""}",0x9cf0b1ad309a9cb2e6d60c3774519b41aecdcce1
2614538046408218151109,,14498328371459963150534,,"{""type"":""BigNumber"",""hex"":""0x00""}",0x7173ce51d1b494320229e06bbdbe0da258b9b547
543048758783142688731,,4277525922823319321875,,"{""type"":""BigNumber"",""hex"":""0x00""}",0x90c6577fb57edf1921ae3f7f45df7a31e46b9155
891360534119003730000,,5555258119363952946794,,"{""type"":""BigNumber"",""hex"":""0x00""}",0xc657ebd5ffcb88964b3e372e00f50596aedcfe6b
7094300463822023049500,,28826708040098910724866,,"{""type"":""BigNumber"",""hex"":""0x00""}",0xf534b46711affef626c75b4df62f2e92131efa99
461142197560517129124,,414165504329310744380,,"{""type"":""BigNumber"",""hex"":""0x00""}",0xae8c5c72b63f7b060058e222a159fcfd9c5cf5f7
1870952621803577690000,,0,,"{""type"":""BigNumber"",""hex"":""0x00""}",0x8431aa804bb8afe5b798a5c7a3207e1524701078
230838132465691974547,,137000000000000000000,,"{""type"":""BigNumber"",""hex"":""0x00""}",0xba766a08f0a126ed43b2699f722d2063e5fbb308
62039743847116211812,,0,,,0x3e97302885da2802f90ce8bcf3f0cbe9c2da869e
283195990438511626702,,0,,,0xac25c81d79247d94065335c9dd29673562d1b115
6326236550849126240000,,25927178483748249645055,,"{""type"":""BigNumber"",""hex"":""0x00""}",0x01681d6f200d191673797d87fc567f4b06a029cd
4598977615150743518399,,4249365297770938161157,,"{""type"":""BigNumber"",""hex"":""0x00""}",0xf7ecae6f035ea4927fde97faa679b5e224afb169
87153396229293845458,,137000000000000000000,,"{""type"":""BigNumber"",""hex"":""0x00""}",0x99eb33756a2eaa32f5964a747722c4b59e6af351
94614978157437040152,,0,1,"{""type"":""BigNumber"",""hex"":""0x096d763ec5d8c5cfef""}",0x81810a7453024a45c1040628b4981dfa3112da04
344183759109724064000,,0,,"{""type"":""BigNumber"",""hex"":""0x00""}",0xba718efb68ea96b32678c88019768a449cbc9548
217675964064176007106,,136000000000000000000,,"{""type"":""BigNumber"",""hex"":""0x00""}",0x7ccf173012bfe53f16f4d6a2a4aea32abafcd04c
892988242878457834384,,1500000000000000000000,1,"{""type"":""BigNumber"",""hex"":""0x4b6d9481a268cb28e6""}",0xa89f778740c6562daac0fa1e09f48e0283a39611
61023694407156179357,,202943923866097593393,,"{""type"":""BigNumber"",""hex"":""0x00""}",0x907438a78302035e0fd11fb88204a9e1b57ccc68
321409386332549927528,,0,,,0x473c6494180ad9cd726f8a7a51cf8e88bbf72bc6
141130321626271988363,,0,,,0xf92aae42cb0d6635840ae3ad825283089ac78c67
6467261465386060460664,,26690049728118710320177,,"{""type"":""BigNumber"",""hex"":""0x00""}",0xd2e35e31396edb10a11abec5748ee939d3f420a0
1719422475486448008407,,17795443452665152743683,,"{""type"":""BigNumber"",""hex"":""0x00""}",0x935d2fd458fdf41b6f7b62471f593797866a3ce6
113534655434725628000,,1262000000000000000000,,"{""type"":""BigNumber"",""hex"":""0x00""}",0x9f8e4ee788d9b00a3409584e18034aa7b736c396
317376980743884248102,,0,,,0xc05320f54075452ff1a5ce420d64c9d025a452bb
5451083108881514312686,,0,,,0x6c63f89876112e6c7f68e46d9347476e29d5098b
869306498163683562182,,278053332418841005718,,"{""type"":""BigNumber"",""hex"":""0x00""}",0x9a027b64d6fc4a77e34ae40f5e6f9310c457737f
861364040330182666687,,3850817483164958819055,,"{""type"":""BigNumber"",""hex"":""0x00""}",0x961c18a23306fe44c4323adcb3bc343b0d193670
190727597631814023000,,0,1,"{""type"":""BigNumber"",""hex"":""0x34b591fa38c7783c33""}",0x8eabacf3a51608c53253e82e2f51e907972be3cd
21435045553595004837,,137000000000000000000,,"{""type"":""BigNumber"",""hex"":""0x00""}",0xb0c3832690627bb3ed1dbe18d1d7ced5a723b258
112059652175432623607,,0,,,0x7082f1f1f06bb33aa7ade798677c913225507ede
317459907846412386160,,1452499578028565780940,,"{""type"":""BigNumber"",""hex"":""0x00""}",0x0034daf2e65f6ef82bc6f893dbbfd7c232a0e59c
168306543531618853842,,0,,,0x6cfac3cf77a359d7ce28c14f2d53de48981e0f04
29664300097366368290,,137000000000000000000,,"{""type"":""BigNumber"",""hex"":""0x00""}",0x28552ea8b232fc63d6ce69692d8a723efc5d4502
2486889407588012429899,,0,,,0xf4ca35df279677654515d41aca6bc75e79731a4b
1601363545421361563721,,2955991791198475347582,,"{""type"":""BigNumber"",""hex"":""0x00""}",0x1740702d34ba431a4025b9a1e60936090134324b
438884291574252756000,,2237397400795387777230,,"{""type"":""BigNumber"",""hex"":""0x00""}",0x749e1d15d3d461469bec674575c2b07dd0dbeded
92531664432193968600,,137000000000000000000,,"{""type"":""BigNumber"",""hex"":""0x00""}",0x3a3889f816921913b2503454d9bc924e1c744a49
121226158664402143769,,0,,,0x79761b79d7181d819c2bfb7b5d786739361cfacd
502178240930294595000,,5000000000000000000000,,"{""type"":""BigNumber"",""hex"":""0x00""}",0x20b82e2cc7aff6dacd50919e7cee8c4bb87410d2
1439443175741498000000,,7337880000000000000000,,"{""type"":""BigNumber"",""hex"":""0x00""}",0xae15a8f0db29c6c7a840abc445abe3cd3b0af472
26873700632841361500,,197000000000000000000,,"{""type"":""BigNumber"",""hex"":""0x00""}",0xb6dd0c440da2995d47f6cef2f85a16f433bcaeb9
1731840495053694929397,,19162707803810704804166,,"{""type"":""BigNumber"",""hex"":""0x00""}",0x89f40ca416df2cb2fda79c3f5d9338e87cab0600
423740620906854481410,,9106421521538127732602,,"{""type"":""BigNumber"",""hex"":""0x00""}",0x2e0d63ffcb08ea20ff3acdbb72dfec97343885d2
11709469889933956157,,137000000000000000000,,"{""type"":""BigNumber"",""hex"":""0x00""}",0xc5f1c489cfca582c0d47fa2c036f84833e8ab700
132925202252001252949,,137000000000000000000,,"{""type"":""BigNumber"",""hex"":""0x00""}",0x64bab5ed694635f0b5d594d78a0dd0a8499f174e
179405694469603598880,,176165158899563958574,,"{""type"":""BigNumber"",""hex"":""0x00""}",0x4335335c596ac1fb3872a4f3b02ddc5418f8e33d
383704393678478368922,,348268082815884220942,,"{""type"":""BigNumber"",""hex"":""0x00""}",0xe88857d67cf8e0031ca1674ffe17f72578e566ee
26873700632841361500,,137000000000000000000,,"{""type"":""BigNumber"",""hex"":""0x00""}",0x579de8e7da10b45b43a24ac21da8b1a3a9452d64
77597567765739955000,,0,,"{""type"":""BigNumber"",""hex"":""0x00""}",0x33a3f35daf0f25b15a2232f435d7e6feb6984eab
36785112889205900461,,137000000000000000000,,"{""type"":""BigNumber"",""hex"":""0x00""}",0xc1c560f37ccdea19a2da80e8ea656ac724ef49f1
1692961678517037610000,,18058349853946263227513,,"{""type"":""BigNumber"",""hex"":""0x00""}",0x4c90f897f4f811b04990294e8129b3005c12b602
131365073533302441348,,618292579601724420207,,"{""type"":""BigNumber"",""hex"":""0x00""}",0x865fc5c542280c9dba0d559f67112179e20574d2
1246031107848975768480,,6350294073706905235291,,"{""type"":""BigNumber"",""hex"":""0x00""}",0x56446712b219fcc34a5604f5e7af5d50d65b6647
864190377455657330339,,0,,,0xd21a227d7a5c9d475de1a293cfb07dd9fa0fceb0
2532917369954636497407,,0,,,0x275d767b951c96e081fd8f7ca6888cd7b8fca43d
4317714990326563761738,,687579995565410280105,,"{""type"":""BigNumber"",""hex"":""0x00""}",0x759a159d78342340ebacffb027c05910c093f430
4906049354426942707033,,0,,,0x49ec0bb2272e77be9c3295c9fc12ef989696f590
6719380620688292065150,,3472568493458000886425,,"{""type"":""BigNumber"",""hex"":""0x00""}",0xe3ea0fa2c310ceb55dc1978ca08380f21d81249e
388685214983933169347,,137000000000000000000,,"{""type"":""BigNumber"",""hex"":""0x00""}",0xbd3a148d241cfeaa37bbb32369c2ba71c7d44ebb
1441718593640839862785,,20266597321745754379574,,"{""type"":""BigNumber"",""hex"":""0x00""}",0xecee5497b9dbb82e1804e3224f67d00d8d891c69
18244934260028351227,,0,,,0xfc9f6bb19c91d6490d8d73f2353d395fa0892736
375398561219363532000,,1749626567697771314102,,"{""type"":""BigNumber"",""hex"":""0x00""}",0x95f0f96a993c6444e5ede567692f938056c9ad6d
2870072997479118910000,,28141230778253725951655,,"{""type"":""BigNumber"",""hex"":""0x00""}",0xc029f24c043d9b44e0b4506485ffc61013f1b1f2
853657186674390840123,,4106662548957272455027,,"{""type"":""BigNumber"",""hex"":""0x00""}",0xa33c7f924399b59a8ee627388a108beab5e12eaf
40084592873564773623,,274000000000000000000,,"{""type"":""BigNumber"",""hex"":""0x00""}",0x10dbc99c90234e4447f0366e8368d688f622475a
276759587354836920000,,1289898196008636809109,,"{""type"":""BigNumber"",""hex"":""0x00""}",0xbbf3e43681886f30835eb3ce8ec210b8ff16e85d
620840526435832015422,,0,,,0x0b0dceaa947ab8b965e87f1191a501cf88c44cbf
33019284379797849692,,0,,"{""type"":""BigNumber"",""hex"":""0x00""}",0xd87cfd8757db0aa5b3380bc8009881f64f76bd20
53666800750098377635,,137000000000000000000,,"{""type"":""BigNumber"",""hex"":""0x00""}",0x30024de60cfd7fbd68c1257d3ecddac6c1eb8db4
29457205640407073037,,137000000000000000000,,"{""type"":""BigNumber"",""hex"":""0x00""}",0x523559d588d40932310b60efe1fd2389e7f586e9
571847649334841110883,,3155434140396299636498,,"{""type"":""BigNumber"",""hex"":""0x00""}",0x1e0f7dc498ca8f0b1f97988f85b0450b244d9600
47044355679285988413,,137000000000000000000,,"{""type"":""BigNumber"",""hex"":""0x00""}",0x510b10184853d3999ab01cbce24eebf4e406829a
66622093487235822442,,66997705452321445865,,"{""type"":""BigNumber"",""hex"":""0x00""}",0xa665d83457cb91c3b254b35a5d61143f66473be7
2292870751316269473688,,4556911030894071848071,,"{""type"":""BigNumber"",""hex"":""0x00""}",0xf88d3412764873872ab1fded5f168a6c1a3bf7bb
560251662887746028278,,0,,,0xab66e60badaea8f90fa5b0da7ab404100641eb6e
1575519445904434968827,,33677492661846955037302,,"{""type"":""BigNumber"",""hex"":""0x00""}",0xbb1e599e15f2bf248732ef060cadffeb6363cc4c
35664947291661080108,,137000000000000000000,,"{""type"":""BigNumber"",""hex"":""0x00""}",0x3b2534b8ea1f9a8bf9d9915b91bae673d161f2a5
110257612731879477009,,1216143465852773348842,,"{""type"":""BigNumber"",""hex"":""0x00""}",0xa698cade532bf7491f0f887284f8e10e2de97198
118401759337808372354,,226940735611355430143,,"{""type"":""BigNumber"",""hex"":""0x00""}",0x3d139ae6e4a2287e9acb8db276fb4d6f8123e55f
161374198225320272000,,0,,"{""type"":""BigNumber"",""hex"":""0x00""}",0x2cac0e180211dab120c3d4f32b298946f46e393b
254277946144569601171,,1220914561171974741944,,"{""type"":""BigNumber"",""hex"":""0x00""}",0x0bc3668d2aafa53ed5e5134ba13ec74ea195d000
364560848182297464957,,0,,,0x72c2c890625f7e2ec82a49a5b0d6438c36fc1bb5
115713027020886418847,,0,,,0x81ba93b26bce8ca5d649b6607df15e6d45462d8f
1431486138186036594745,,417380101590586092651,,"{""type"":""BigNumber"",""hex"":""0x00""}",0x98c30c832f42222985430c5e95b240af5c2cfd36
10956776463353643634890,,7965630680576342538484,,"{""type"":""BigNumber"",""hex"":""0x00""}",0x89808c49f858b86e80b892506cf11606fb25fcdc
1043414415611149612036,,629739334615647173566,,"{""type"":""BigNumber"",""hex"":""0x00""}",0xc814d2ef6d893568c74cd969eb6f72a62fc261f7
110708636371717429105,,274000000000000000000,,"{""type"":""BigNumber"",""hex"":""0x00""}",0x177b13f1bf13dba858dc633e4f6b525144b02ee7
981089603330616560019,,3980002423895749709764,,"{""type"":""BigNumber"",""hex"":""0x00""}",0x5d06eb6fa0746e55c539ffabf6031b4c0e55833e
1263882236005283083225,,1793893153673452044772,,"{""type"":""BigNumber"",""hex"":""0x00""}",0xf1b98463d6574c998f03e6edf6d7b4e5f917f915
413502133352223772708,,1887393938198611244500,,"{""type"":""BigNumber"",""hex"":""0x00""}",0x1b90b46f9bd6bdcf0addc4d0601dfad832fdb1bd
26359668184357609266741,,18529255429363933490454,,"{""type"":""BigNumber"",""hex"":""0x00""}",0x9b7a6e6b894e243e994cfaa32ea07d8a60740981
682567199681956096832,,0,,,0xb631651cb570ba0c0d696bd5e4860cbd214f20a0
1352799121995187177959,,159855112323880954335,,"{""type"":""BigNumber"",""hex"":""0x00""}",0x1d5e65a087ebc3d03a294412e46ce5d6882969f4
400403067379811043391,,1726305760000927541349,,"{""type"":""BigNumber"",""hex"":""0x00""}",0x003814a176d587c13c8efe04cbd7790418388c60
32626346678288310090,,0,,,0xb24ce065a3a9bbcced4b74b6f4435b852286396d
163875240292721516757,,267743817449192026434,,"{""type"":""BigNumber"",""hex"":""0x00""}",0xd785a0b9393f8280e1da72c81b8e6d18eda81db6
242097099981088546972,,0,,,0x05e9742b3b0d4a5a0826926f95d03e20e575263a
800979197386052020867,,296619826962712778265,,"{""type"":""BigNumber"",""hex"":""0x00""}",0x0eeacd4c475040463389d15ead034d1291b008b1
274612919035134434680,,0,,,0x94032cab3bc452b71b747271b6e10ab56367d80a
57140067258068165848,,0,,,0x61b7dc4b987ae4cd8ea196bd96e0f82f1d42625d
342419947182038734632,,0,,,0xa0d86993bf9593a9186c7f022e31bd0d32808bf1
51177128780861741801,,137000000000000000000,,"{""type"":""BigNumber"",""hex"":""0x00""}",0xd6ab15700f2fc1b31f293a32c502bde51cc532a3
3539049602567718343,,0,,,0xff50219d17083f234a37f9f85d5f1d5a05b3169f
542201374592654849010,,461765393163351871254,,"{""type"":""BigNumber"",""hex"":""0x00""}",0x943077d39275a714e92f32d163739b5557d04456
741244670557405659510,,531985313661653951270,,"{""type"":""BigNumber"",""hex"":""0x00""}",0x50c0fd47f585d7bb0e8713dc1ae9532b44e88125
2874596746289432668222,,11498661344683174295967,,"{""type"":""BigNumber"",""hex"":""0x00""}",0xda57009d183ff7e2a4da0f552a801ffd440a3e23
290169153989791755494,,288025584105497783145,,"{""type"":""BigNumber"",""hex"":""0x00""}",0xef7d9be5a88af3c6bc4d87606b2747695485e50e
275521836990934928222,,0,,"{""type"":""BigNumber"",""hex"":""0x00""}",0xe400907c43a84b59f8926836094286ef9a728182
90393422537013727784,,137000000000000000000,,"{""type"":""BigNumber"",""hex"":""0x00""}",0x15f60d31a768f7f69ad39315cd49a76c6d7cdf0a
2979245773600026625750,,0,,,0xe51231daa306acf16eac34a864564ca36b262a1f
1744583977320169785639,,1617456387196212185332,,"{""type"":""BigNumber"",""hex"":""0x00""}",0xe2e4f2a725e42d0f0ef6291f46c430f963482001
443822383195194355485,,0,,,0x7c363e4650ca88e4676f1ce2ac6f2dd50c102198
200241947659091133972,,0,,,0xd062ab63bb4f7af7e59b85defc3c90bfa9b81e6e
788285828198494327796,,507144258834784891255,,"{""type"":""BigNumber"",""hex"":""0x00""}",0xe1b27fe6ee84e7e91529ac961b718832d1bb8cc5
6668133401549485590022,,0,,,0x5d396a2106694308a40608ef14a1c0892b6b7faa
4045006600040430000,,253645630437994527409,,"{""type"":""BigNumber"",""hex"":""0x00""}",0x68a9df153499ea9eae162be94790c6e7da9503d0
2056348385967579371972,,7088571128454497639574,,"{""type"":""BigNumber"",""hex"":""0x00""}",0x37ffbbee75b446b2854efff46736642be7a70a95
103120020299947391050,,7187000000000000000000,,"{""type"":""BigNumber"",""hex"":""0x00""}",0xb69e74324bc030f1b5409236efa461496d439116
1187247806733695720463,,1970596729050223221539,,"{""type"":""BigNumber"",""hex"":""0x00""}",0xceed474d02362da11951a17e352b15379132c077
351016478000806050598,,0,,,0x1ebb814c9ef016e6012be299ed834f1ddced1529
1605522596342526245799,,0,,,0xa5dfa6824d1159efc917d18ca65e0138014c14f7
523026776036329461000,,0,1,"{""type"":""BigNumber"",""hex"":""0x81a778093bf2901278""}",0x226853a74f009e3ae7a0427b3dcdc0ae9fbc91a3
130467030033943567945,,0,,,0xe335ea94352a4d9280aef9232b3762c5234380d6
1040181084113283085257,,3992432595916030764750,,"{""type"":""BigNumber"",""hex"":""0x00""}",0xe5f3a9033b4f2727859974da45ad1719560172ac
199324432309136953660,,170644194974625326760,,"{""type"":""BigNumber"",""hex"":""0x00""}",0x50405e24f98c9f96870aa1730029a527b906c968
810198457436117175000,,5000000000000000000000,,"{""type"":""BigNumber"",""hex"":""0x00""}",0x99a1f84c1885145e4e8ace37ec4dcc136cb1258b
291704380392243036000,,0,1,"{""type"":""BigNumber"",""hex"":""0x38875eb492ad2aa243""}",0x0077f2c8452eb223d573bc9931f341fb1711bdd5
1493986612269459677771,,6385151610592144032216,,"{""type"":""BigNumber"",""hex"":""0x00""}",0x32dbc2201d6804b743e353fbbcc767598ba56901
58676625310805491762,,137000000000000000000,,"{""type"":""BigNumber"",""hex"":""0x00""}",0x47d6ec9df712daa0ffde287a8d346fb038ef407a
1332165401746398827281,,945633153562673969916,,"{""type"":""BigNumber"",""hex"":""0x00""}",0x7476d1e9659a49b92c3f65f0a6de00a18fc3d6fa
580956838891871120000,,12694295033787522218628,,"{""type"":""BigNumber"",""hex"":""0x00""}",0xcba9f4a67a51fea7023e09030e75523ad6f41533
219580204106826796217,,331319684716140045571,,"{""type"":""BigNumber"",""hex"":""0x00""}",0x682c4184286415344a35a0ff6699bb8edabddc17
,,137000000000000000000,,"{""type"":""BigNumber"",""hex"":""0x00""}",0x516b2d73a67a15b765c7538124dd55cbca5dfea1
,,1286153629800135935758,,"{""type"":""BigNumber"",""hex"":""0x00""}",0xb4522eb2ca49963de9c3dc69023cbe6d53489c98
,,1488048822212043728008,,"{""type"":""BigNumber"",""hex"":""0x00""}",0x1a7d839dad213e8664411be731754ca9abcac2f7
,,2750940447767490365489,,"{""type"":""BigNumber"",""hex"":""0x00""}",0x4cae5bed586f6e73ae54ebd40a4ac4ed2c477c34
,,137000000000000000000,,"{""type"":""BigNumber"",""hex"":""0x00""}",0x529656620d914443405a55ec42ad0eaeaf0b4a2c
,,164000000000000000000,,"{""type"":""BigNumber"",""hex"":""0x00""}",0x5e3391f90a523c61ed5844cb3aa1c81f3238d9e1
,,137000000000000000000,,"{""type"":""BigNumber"",""hex"":""0x00""}",0xbfd7f0db71253edaa59743163d3eecfa27a01a6e
,,351496178564904068055,,"{""type"":""BigNumber"",""hex"":""0x00""}",0xa61301a5199671ab6c5d2e21c718fddbdab778e3
,,137000000000000000000,,"{""type"":""BigNumber"",""hex"":""0x00""}",0x308040f38ed1141c24f93b4d4a16f9f26f70a2f0
,,614608056041177817953,,"{""type"":""BigNumber"",""hex"":""0x00""}",0xfe0ebcacfcca78e2dab89210b70b6755fe209419
,,137000000000000000000,,"{""type"":""BigNumber"",""hex"":""0x00""}",0x8e437c286498dd2a6216ede8722e6b742e253269
,,682879381337541440012,,"{""type"":""BigNumber"",""hex"":""0x00""}",0x63b461a9577cdaea028f25d059868d9abe6eddbf
,,1493262371472080071724,,"{""type"":""BigNumber"",""hex"":""0x00""}",0xe966c59c15566a994391f6226fee5bc0ef70f87a
,,137000000000000000000,,"{""type"":""BigNumber"",""hex"":""0x00""}",0xc3ae7163a7d3a4327e4f3eb71b47f2a7f41b04d7
,,426350000000000000000,,"{""type"":""BigNumber"",""hex"":""0x00""}",0xd3fd32e76a1ca37ec408aac47776b10fc099f841
,,0,,"{""type"":""BigNumber"",""hex"":""0x00""}",0xd78f6be297445bef3291dc6e7e5a1ebb9c7d4aeb
,,144336224857928087188,,"{""type"":""BigNumber"",""hex"":""0x00""}",0xcfce3eeb6bb6526c2faddf28036741b0ed09f829
,,741971403830243994552,,"{""type"":""BigNumber"",""hex"":""0x00""}",0x8c2e0d2c6a4b7f86fc7ffd20a09321224f4a6e4c
,,338481666667740224538,,"{""type"":""BigNumber"",""hex"":""0x00""}",0xc940830aab193c76629c10a46ff25c68def5de66
,,137000000000000000000,,"{""type"":""BigNumber"",""hex"":""0x00""}",0x9232a6d9060643fcb8ffe9dcb1e2a35f0a2ed456
,,977940869127265871220,,"{""type"":""BigNumber"",""hex"":""0x00""}",0x4ada1b9d9fe28abd9585f58cfeed2169a39e1c6b
,,335502652823814596291,,"{""type"":""BigNumber"",""hex"":""0x00""}",0x39f6b2d21a5f93291fba2eb2cc1e435d21bcbc89
,,274000000000000000000,,"{""type"":""BigNumber"",""hex"":""0x00""}",0xbef716e7fbc844020925dc372879becd2f932bf9
,,137000000000000000000,,"{""type"":""BigNumber"",""hex"":""0x00""}",0xfea9f1ed1f8c186626c1f4e81c60913a3f7e73bd
,,150046244445222238652,,"{""type"":""BigNumber"",""hex"":""0x00""}",0x1c175ce4f8f3e8a16df7165f15057a82a88c025c
,,1165133153104623135800,,"{""type"":""BigNumber"",""hex"":""0x00""}",0xf993f7945d410e20e2726f4fa02cc557d5e9fafe
,,137000000000000000000,,"{""type"":""BigNumber"",""hex"":""0x00""}",0x2f7949779e18c18298c2f253e34f9355403a5c4e
,,137000000000000000000,,"{""type"":""BigNumber"",""hex"":""0x00""}",0x000c9d05b64167cc59ad776c2032c736a4d6e8ee
,,0,,"{""type"":""BigNumber"",""hex"":""0x00""}",0x08c8b685ab907b50fa78d1093dadccc944880210
,,137000000000000000000,,"{""type"":""BigNumber"",""hex"":""0x00""}",0x36e109a23061b8be8d8b4c062d900a91fb725800
,,1649058553806878306878,,"{""type"":""BigNumber"",""hex"":""0x00""}",0x99930b70a0eab2b7619016a1455c8d01ca057b98
,,137000000000000000000,,"{""type"":""BigNumber"",""hex"":""0x00""}",0x46224adc611146a0af57e097d453d93a05cad259
,,137000000000000000000,,"{""type"":""BigNumber"",""hex"":""0x00""}",0xdceb0bb3311342e3ce9e49f57affce9deac40ba1
,,6161028398427980592185,,"{""type"":""BigNumber"",""hex"":""0x00""}",0x19eff04ddeea89d0762c80e5d3c9369e00a9fce4
,,137000000000000000000,,"{""type"":""BigNumber"",""hex"":""0x00""}",0x56f820bc0bb5326c74b804cebaa37c3ee7524f8e
,,0,,"{""type"":""BigNumber"",""hex"":""0x00""}",0x86aabcd459587bc1a347ae1e2d15223856354ec9
,,500000062990207300552,,"{""type"":""BigNumber"",""hex"":""0x00""}",0x34dab9a3e3b68c82ca933c0a4c4e0c30da794722
,,137000000000000000000,,"{""type"":""BigNumber"",""hex"":""0x00""}",0xeea9fdcf2a9d3c23c5fd72b5ba4a0dcc663f355b
,,137000000000000000000,,"{""type"":""BigNumber"",""hex"":""0x00""}",0xec9bf4f70a91b8d36621961d51ba0741003456c1
,,3260901061356325602760,,"{""type"":""BigNumber"",""hex"":""0x00""}",0x66b259b9e072e1ae256e738dac2ebc25044178de
,,137000000000000000000,,"{""type"":""BigNumber"",""hex"":""0x00""}",0x2ba9e7bdc9515af90062bd3750a0471d0f71e707
,,137000000000000000000,,"{""type"":""BigNumber"",""hex"":""0x00""}",0xad42c95ee3862720ac579ea077becd1b39150c6f
,,137000000000000000000,,"{""type"":""BigNumber"",""hex"":""0x00""}",0x26ca32b540bdb8080a514f82705c9e9ab53a5207
,,137000000000000000000,,"{""type"":""BigNumber"",""hex"":""0x00""}",0x797bc498edee4357a16a1054db0323cbd04c84c3
,,137000000000000000000,,"{""type"":""BigNumber"",""hex"":""0x00""}",0x4d2fb1986e2c7cbd8a7cb0e8b3d652d110eda386
,,1617000000000000000000,,"{""type"":""BigNumber"",""hex"":""0x00""}",0x6fd5a849cc4bb26fde7737395e3b4a91f3b78a5a
,,183858515920344884041,,"{""type"":""BigNumber"",""hex"":""0x00""}",0x169379d950ceffa34f5d92e33e40b7f3787f0f71
,,545944149196966277217,,"{""type"":""BigNumber"",""hex"":""0x00""}",0xde86e5d39fa2697c9e257432f6ea184879eaf2e6
,,237283135632311071213,,"{""type"":""BigNumber"",""hex"":""0x00""}",0x8450a7852495dafe063c3e436d0750698777965c
,,1141000000000000000000,,"{""type"":""BigNumber"",""hex"":""0x00""}",0x9b815dd3e2d30cfef33266fa4c6a7b37bd99edfe
,,137000000000000000000,,"{""type"":""BigNumber"",""hex"":""0x00""}",0xb4c0deeea3bf21dbc47a8ff22183ee7f13117c69
,,22971292559288194444444,,"{""type"":""BigNumber"",""hex"":""0x00""}",0xfa196e78a5c17432db30a65a966ee6dc11cf5111
,,137000000000000000000,,"{""type"":""BigNumber"",""hex"":""0x00""}",0xb811934c23db295e00683eb602679199e232210f
,,137000000000000000000,,"{""type"":""BigNumber"",""hex"":""0x00""}",0x93242bb2b8f429a21c8d194ad88e7c4745e395a1
,,558313100562440850098,,"{""type"":""BigNumber"",""hex"":""0x00""}",0x95cdc246ae03df326ca0e0b60ca12c63eaf657a9
,,589410306391377765006,,"{""type"":""BigNumber"",""hex"":""0x00""}",0x1f1e1dcada44f55468b597cafe878335438ffc19
,,137000000000000000000,,"{""type"":""BigNumber"",""hex"":""0x00""}",0x9633d229b711dcbf06cdd8739238765e0f3135b0
,,137000000000000000000,,"{""type"":""BigNumber"",""hex"":""0x00""}",0xe2c567cd62bc1fa94d75f0bd7611b231ad02fa73
,,137000000000000000000,,"{""type"":""BigNumber"",""hex"":""0x00""}",0x415fce36e2dc12421f20b93dbad1dd68bd2f6db6
,,137000000000000000000,,"{""type"":""BigNumber"",""hex"":""0x00""}",0x332094a2d5ce19e0793fa8ed33d3f49c660adc34
,,137000000000000000000,,"{""type"":""BigNumber"",""hex"":""0x00""}",0x34350713c829884a06de6d0124d99506d5e0236e
,,225343755825361784654,,"{""type"":""BigNumber"",""hex"":""0x00""}",0x83f953956671d9f88adf75bbe2ecea58c76ad98e
,,24835013437782788541,,"{""type"":""BigNumber"",""hex"":""0x00""}",0x4f7d7d22013955259e85bcbb5218e24b223505d5
,,23673485613834325396825,,"{""type"":""BigNumber"",""hex"":""0x00""}",0x8a2941777f45ac04962e5df1243dc72bd39d6c5b
,,6872582334983916326072,,"{""type"":""BigNumber"",""hex"":""0x00""}",0x768ccbb0c70094a7a838fb9afbd5d9dca3778f1f
,,137000000000000000000,,"{""type"":""BigNumber"",""hex"":""0x00""}",0x97ca60a08b2d2c38f14ab18fca6d77457dda0eae
,,0,,"{""type"":""BigNumber"",""hex"":""0x00""}",0x1f52a82b34104072a459ff631b49790c1b368ac9
,,137000000000000000000,,"{""type"":""BigNumber"",""hex"":""0x00""}",0xab705b5d1c9c194634bc7928da272325317ff2fd
,,137000000000000000000,,"{""type"":""BigNumber"",""hex"":""0x00""}",0xcd59da774a35b145e9c81ad8a87914219633f83e
,,2621622877455019211682,,"{""type"":""BigNumber"",""hex"":""0x00""}",0x479c4a69b481449c4b92694eb32758cfc920735a
,,192389953403300424881,,"{""type"":""BigNumber"",""hex"":""0x00""}",0xffafa6d86bd1da0d36ea852f81594c0a03a7c2af
,,137000000000000000000,,"{""type"":""BigNumber"",""hex"":""0x00""}",0x45ebc736090424b36106c4a29714b10bb19a5c72
,,137000000000000000000,,"{""type"":""BigNumber"",""hex"":""0x00""}",0x2ac8eb59b484a4a098b6e0cca655ba714ab2e5e5
,,15268859477058487294941,,"{""type"":""BigNumber"",""hex"":""0x00""}",0xd90177fd58222eea2e2db63c452afebebc3a51ea
,,137000000000000000000,,"{""type"":""BigNumber"",""hex"":""0x00""}",0x780404199843a8d5b15fc974f87c555b206c0adb
,,137000000000000000000,,"{""type"":""BigNumber"",""hex"":""0x00""}",0x36f4bfc9f49dc5d4b2d10c4a48a6b30128bd79bc
,,137000000000000000000,,"{""type"":""BigNumber"",""hex"":""0x00""}",0xb9dce4552f39901c2ef5957726ac541699d7764d
,,467001712814571794624,,"{""type"":""BigNumber"",""hex"":""0x00""}",0x9dadd52094c9def28b3a3298b8af8c35803f53ce
,,137000000000000000000,,"{""type"":""BigNumber"",""hex"":""0x00""}",0xce005cb1994c59be3accc909c6dd2237119d399d
,,137000000000000000000,,"{""type"":""BigNumber"",""hex"":""0x00""}",0x7b32783a53344cf1d28a7c3ebf5587e0de652afa
,,137000000000000000000,,"{""type"":""BigNumber"",""hex"":""0x00""}",0x7f8ca3a6723b31cb6cd013d705503ea773ba9f8a
,,1174537048956291840674,,"{""type"":""BigNumber"",""hex"":""0x00""}",0x33e7b25407183517bbfa59ab16d929665384d785
,,137000000000000000000,,"{""type"":""BigNumber"",""hex"":""0x00""}",0xe0d28485398e3fd59bd29f5dfe93614a4b6745fe
,,137000000000000000000,,"{""type"":""BigNumber"",""hex"":""0x00""}",0x2a7051d7cbbef7b6889f8e14774020b1653b94c1
,,137000000000000000000,,"{""type"":""BigNumber"",""hex"":""0x00""}",0x8dc4310f20d59ba458b76a62141697717f93fa41
,,137000000000000000000,,"{""type"":""BigNumber"",""hex"":""0x00""}",0x24c35d308f4771930f24ca2ed9fc911e2785572c
,,612160385022988568564,,"{""type"":""BigNumber"",""hex"":""0x00""}",0xb92b37c6ba09b6233a88348094abbb8ff7781e10
,,340652511294844523293,,"{""type"":""BigNumber"",""hex"":""0x00""}",0x986204cc94428354885e237d87dc0ff9836dfc89
,,1922000000000000000000,,"{""type"":""BigNumber"",""hex"":""0x00""}",0xbb10a4cfbad91566b48944ebbf7292a55b484ae6
,,7355547298741780415302,,"{""type"":""BigNumber"",""hex"":""0x00""}",0x7c4c410a04e2d409db00772e9f6fc21687ae12c6
,,137000000000000000000,,"{""type"":""BigNumber"",""hex"":""0x00""}",0xe696a968796d04f7e7cf6217dfdc231c3bdeae97
,,315720435156250000000,,"{""type"":""BigNumber"",""hex"":""0x00""}",0xb548f95c71916f930c42fe4199cae8c38a8f5f62
,,406819746555282239507,,"{""type"":""BigNumber"",""hex"":""0x00""}",0x9549748671a58a962b523ced4c88144bf656f742
,,137000000000000000000,,"{""type"":""BigNumber"",""hex"":""0x00""}",0x14e495f1c792185c4491b2317a02f3c3c6775c82
,,18543874895000165343915,,"{""type"":""BigNumber"",""hex"":""0x00""}",0x9aed61f7cb909a77134843c7b802ee100a93a307
,,137000000000000000000,,"{""type"":""BigNumber"",""hex"":""0x00""}",0x0702f00bd689ee782d5c9a9dedf1c7039f610f95
,,137000000000000000000,,"{""type"":""BigNumber"",""hex"":""0x00""}",0x710fdb2dc7774a9755ca36070704d7b12625dff5
,,137000000000000000000,,"{""type"":""BigNumber"",""hex"":""0x00""}",0x7b2366996a64effe1af089fa64e9cf4361fddc6e
,,1008137550046957671957,,"{""type"":""BigNumber"",""hex"":""0x00""}",0xeade22c5f5c6cdef2c4cca298bfeb715db1e4ae5
,,137000000000000000000,,"{""type"":""BigNumber"",""hex"":""0x00""}",0x4abef0c5a0281d33788b546ad6162eb038aa6aca
,,137000000000000000000,,"{""type"":""BigNumber"",""hex"":""0x00""}",0x31c789512a62aa92438a671ec9553f9b1971939b
,,137000000000000000000,,"{""type"":""BigNumber"",""hex"":""0x00""}",0x432949f6f8dc8279d2c8734b08be7059fff9b2a1
,,11743561598826321201765,,"{""type"":""BigNumber"",""hex"":""0x00""}",0xb8d08d9537fc8e5624c298302137c5b5ce2f301d
,,4024748350852651845131,,"{""type"":""BigNumber"",""hex"":""0x00""}",0xd87ecc6c74f486b044824a222326a96f696fcfa2
,,2031437369317658932952,,"{""type"":""BigNumber"",""hex"":""0x00""}",0x0f45156f109e474295913d78036fa213b1745d5a
,,137000000000000000000,,"{""type"":""BigNumber"",""hex"":""0x00""}",0x6311d8658067644212b3042923bb7d06b5dddc6f
,,274000000000000000000,,"{""type"":""BigNumber"",""hex"":""0x00""}",0x30c3545c8df984704c85a06312aefa4d415a2468
,,137000000000000000000,,"{""type"":""BigNumber"",""hex"":""0x00""}",0xdc7ba18a0de8b2a66008ceb24d7248094c8f24bc
,,137000000000000000000,,"{""type"":""BigNumber"",""hex"":""0x00""}",0x370a5275f69cb3c2e76cfe575cf7f846f906b34d
,,1325526176797195329567,,"{""type"":""BigNumber"",""hex"":""0x00""}",0x0ae24412441d1e3f332d574d31adaf4ffa627cde
,,137000000000000000000,,"{""type"":""BigNumber"",""hex"":""0x00""}",0xab22a2bdf0da83d5a80937d84112496d0e38006e
,,137000000000000000000,,"{""type"":""BigNumber"",""hex"":""0x00""}",0x9317e25590aaa62be015aff026702f3b960131a7
,,137000000000000000000,,"{""type"":""BigNumber"",""hex"":""0x00""}",0x1a63128dc55fd71389331ab2147487973ba88b53
,,137000000000000000000,,"{""type"":""BigNumber"",""hex"":""0x00""}",0x71befff41852f6359e62d51e608727b9bd1ce2e8
,,137000000000000000000,,"{""type"":""BigNumber"",""hex"":""0x00""}",0x8f5b576511b9e2934435cd7d3bca5c4a75670444
,,137000000000000000000,,"{""type"":""BigNumber"",""hex"":""0x00""}",0x0cfdee4ff376137125cb1f79e7944a756bfd8eaa
,,137000000000000000000,,"{""type"":""BigNumber"",""hex"":""0x00""}",0xd6fd705ee0b31a9300d3e2154bcce777270cbb6f
,,3930350831038259404235,,"{""type"":""BigNumber"",""hex"":""0x00""}",0x0598d2c365a5661032a91da03ed74e298ceea67b
,,137000000000000000000,,"{""type"":""BigNumber"",""hex"":""0x00""}",0x5936ad81a7435e239d4b4a9c4ac66a9a1e5c8711
,,0,,"{""type"":""BigNumber"",""hex"":""0x00""}",0xd91a59e45ebb5179bea3901ea504ed2fb099f62d
,,141286025122046758160,,"{""type"":""BigNumber"",""hex"":""0x00""}",0xb6ae392c3d209bee9ded8a2a434a47c05f651092
,,137000000000000000000,,"{""type"":""BigNumber"",""hex"":""0x00""}",0x27da09392eb0a29511dab80f37f794fb7a103b3b
,,137000000000000000000,,"{""type"":""BigNumber"",""hex"":""0x00""}",0x41bc8779a51b7fdf69568a743f1fe2de277c1eef
,,137000000000000000000,,"{""type"":""BigNumber"",""hex"":""0x00""}",0xbdb4a00d89de959cd08c90fb5f56cad57d211506
,,408346113733824273547,,"{""type"":""BigNumber"",""hex"":""0x00""}",0x5f024dba3bcbbfe6dece556dbb59c5776aec5903
,,137000000000000000000,,"{""type"":""BigNumber"",""hex"":""0x00""}",0x953b0f8afc70e0fca9e2e43b0a4914be002c4e94
,,137000000000000000000,,"{""type"":""BigNumber"",""hex"":""0x00""}",0xe0ed7f74ac548d02c0a96474016b1d5b6bc8e502
,,137000000000000000000,,"{""type"":""BigNumber"",""hex"":""0x00""}",0x395f36ebde1d7549eb7f0c1dd70c864b753e9f79
,,137000000000000000000,,"{""type"":""BigNumber"",""hex"":""0x00""}",0xb4bc6fee19139186ea54ed470c23287c00a6dc35
,,293195053067816280138,,"{""type"":""BigNumber"",""hex"":""0x00""}",0x176b8c8dd7657a011fcac694364e69cf011980e9
,,137000000000000000000,,"{""type"":""BigNumber"",""hex"":""0x00""}",0xbcd5a1776d5e28222f0ed0b8203e5648a0668842
,,137000000000000000000,,"{""type"":""BigNumber"",""hex"":""0x00""}",0xd3b468d28e942bbc25570029a50aa102e0f2c189
,,1137000000000000000000,,"{""type"":""BigNumber"",""hex"":""0x00""}",0x1a207beefc754735871ceeb4c506686f044b1c41
,,0,,"{""type"":""BigNumber"",""hex"":""0x00""}",0x696d81cf09ba34a36e19cab68ca39e85d5372cb7
,,670703758300270672234,,"{""type"":""BigNumber"",""hex"":""0x00""}",0x55ddb502ae181921168d465b89d905242267f229
,,1365000000000000000000,,"{""type"":""BigNumber"",""hex"":""0x00""}",0xb5f21bcb706d2282220d95ea47379365ce4777f1
,,0,,"{""type"":""BigNumber"",""hex"":""0x00""}",0x45b1827e9aa31f9de17bdad0fe0eecefff086207
,,137000000000000000000,,"{""type"":""BigNumber"",""hex"":""0x00""}",0x75d8939db37a694002f4f2c4194f9f6ac9a25039
,,274000000000000000000,,"{""type"":""BigNumber"",""hex"":""0x00""}",0xf540ea05395bf05d4b686ddb69da04037e01ab73
,,137000000000000000000,,"{""type"":""BigNumber"",""hex"":""0x00""}",0x1c800f732abc64fce90ee9304e4fa3a0dae6a225
,,137000000000000000000,,"{""type"":""BigNumber"",""hex"":""0x00""}",0x0cf7627105335166c6f8b376121a04f266c5a353
,,1200424006561137460084,,"{""type"":""BigNumber"",""hex"":""0x00""}",0xab2b23e67ee1f11c27a59504a319f25d6cbd057c
,,2643293580595497976235,,"{""type"":""BigNumber"",""hex"":""0x00""}",0xe851bc9ed361cabc4a3a64a96f30d2747ffa7914
,,296274288638653787383,,"{""type"":""BigNumber"",""hex"":""0x00""}",0x935e3a6cbc89ce9e4f9d7e722595c7304b2ff8be
,,137000000000000000000,,"{""type"":""BigNumber"",""hex"":""0x00""}",0x8482a0f31050416ad4344c98bcdb938e9cd3dea2
,,8404023862902289945521,,"{""type"":""BigNumber"",""hex"":""0x00""}",0x579c5ce071691aec2ebfe45737d487860eb6f3f5
,,1043377188191618250007,,"{""type"":""BigNumber"",""hex"":""0x00""}",0x1efe03b911d97cf5d86da4a70500ea9f6e8bcfcb
,,137000000000000000000,,"{""type"":""BigNumber"",""hex"":""0x00""}",0x26f2347da56cb637ad09177c0969088f5fe393d1
,,704665625411379905063,,"{""type"":""BigNumber"",""hex"":""0x00""}",0x6dfb8bc9dd37583e37883a1f89cec729399134cf
,,137000000000000000000,,"{""type"":""BigNumber"",""hex"":""0x00""}",0xac541ef515090a4e80431c257d58ff09a72e97cf
,,137000000000000000000,,"{""type"":""BigNumber"",""hex"":""0x00""}",0x0d703ccd7debd7f6f4b0ffb29d2d710d19b09025
,,527487632669540700345,,"{""type"":""BigNumber"",""hex"":""0x00""}",0xb460336e8850ba79c56cfa6e47de2fcd3d2d3d63
,,144400000000000000000,,"{""type"":""BigNumber"",""hex"":""0x00""}",0xe6c58978d013b757eb315bd6fd776bee2ee2b63c
,,137000000000000000000,,"{""type"":""BigNumber"",""hex"":""0x00""}",0xd9ba84b9acdaa7ab4450004dfb98eee4f8a250e5
,,1006346022439067943262,,"{""type"":""BigNumber"",""hex"":""0x00""}",0x7376af1bfbea6eacf4d8d48a05cc84de3abbb8be
,,137000000000000000000,,"{""type"":""BigNumber"",""hex"":""0x00""}",0xdc0b42c56ad9b46680ce79dd0163db1c95814cf4
,,137000000000000000000,,"{""type"":""BigNumber"",""hex"":""0x00""}",0x52dc01082fc06a78ef3910c101b7823df3277355
,,0,1,"{""type"":""BigNumber"",""hex"":""0x01034909a3cd1c1a43a3""}",0x20c4255bca995568e24d92c4736fba81f2a06e07
,,137000000000000000000,,"{""type"":""BigNumber"",""hex"":""0x00""}",0x2e63ee889bb210392ced9c03d3c0bdaf97e1cc08
,,12923566030555324572814,,"{""type"":""BigNumber"",""hex"":""0x00""}",0x237b3c12d93885b65227094092013b2a792e92dd
,,270855730053176618769,,"{""type"":""BigNumber"",""hex"":""0x00""}",0xbbbed66bab4a426f42e9359ec32f2d47276139df
,,274000000000000000000,,"{""type"":""BigNumber"",""hex"":""0x00""}",0x302d43d1a7c1313608f218446a4266fb312c461e
,,137000000000000000000,,"{""type"":""BigNumber"",""hex"":""0x00""}",0xf2829fc923b6fd040ead55d3f973f2953e86d13e
,,137000000000000000000,,"{""type"":""BigNumber"",""hex"":""0x00""}",0x6dba7f95386e4129f92b59482fa356bc74f29c5b
,,137000000000000000000,,"{""type"":""BigNumber"",""hex"":""0x00""}",0xaa7bab6c5de5c20f385a1bd481bac521b4b70e68
,,214274465405500017928,,"{""type"":""BigNumber"",""hex"":""0x00""}",0x38b15bfda512900fcd056ab43b009fa86234cda9
,,72698457090555388966,,"{""type"":""BigNumber"",""hex"":""0x00""}",0x8ce0597e7930d591ff6c870f4c4a38b0ab8a4bae
,,274000000000000000000,,"{""type"":""BigNumber"",""hex"":""0x00""}",0x2498f34bf4276e8b535717701ab6b2d3c50310d5
,,7196906317928048083907,,"{""type"":""BigNumber"",""hex"":""0x00""}",0x3ebe9f00c3fccd09294a053dfe4ccf5a70787082
,,121889029664877721427,,"{""type"":""BigNumber"",""hex"":""0x00""}",0xde61973789e6e87d40c0b336c0236ccdbc7a47a3
,,254246660027134891578,,"{""type"":""BigNumber"",""hex"":""0x00""}",0x2a251ba96482b8cc83d3e8d30729ff8383bb5e30
,,137000000000000000000,,"{""type"":""BigNumber"",""hex"":""0x00""}",0x8fd8a163a699cca2295c7df984a6e914f7a07376
,,2480272441928075396825,,"{""type"":""BigNumber"",""hex"":""0x00""}",0x3dc7270de8039fe466da401d388d92cca64d4662
,,137000000000000000000,,"{""type"":""BigNumber"",""hex"":""0x00""}",0x432dcbda06e8b296ca29705572d7cb6315ed8bed
,,408812856472808428311,,"{""type"":""BigNumber"",""hex"":""0x00""}",0x6887faee966e72a0fab6a47673a492477c2b625a
,,3502363536862774544438,,"{""type"":""BigNumber"",""hex"":""0x00""}",0xf2ebcb2a0b919bc6ad6fd84da61bed23c207cf89
,,137000000000000000000,,"{""type"":""BigNumber"",""hex"":""0x00""}",0x3fb7d366036f854f479bb40cb547f34352399f21
,,137000000000000000000,,"{""type"":""BigNumber"",""hex"":""0x00""}",0xe82ed1a848edf14ea75d928f7f654a5583d62364
,,137000000000000000000,,"{""type"":""BigNumber"",""hex"":""0x00""}",0xdbf01a7705451170e1191d354ee9eb84245f4861
,,137000000000000000000,,"{""type"":""BigNumber"",""hex"":""0x00""}",0xda0691163e9beae3745f6584c5ab5fef3d1276eb
,,137000000000000000000,,"{""type"":""BigNumber"",""hex"":""0x00""}",0x1fb9580e0b19956b90351c825ae7819f1ee0257b
,,37000403872793782407,,"{""type"":""BigNumber"",""hex"":""0x00""}",0xe696b3b1986c96fc677327f94bae2df3bb1d0af3
,,137000000000000000000,,"{""type"":""BigNumber"",""hex"":""0x00""}",0x601dd4599632ba3d23c358595bc21c04bb113669
,,200520732286322343496,,"{""type"":""BigNumber"",""hex"":""0x00""}",0x4977c1b189e23efac9bade4df7e2582676fe78e3
,,137000000000000000000,,"{""type"":""BigNumber"",""hex"":""0x00""}",0xbaa882d68fc5325fc3899de264f24b5981523a5c
,,137000000000000000000,,"{""type"":""BigNumber"",""hex"":""0x00""}",0x85447824d5dc10b9fb75928f8104890eb54e7ce1
,,137000000000000000000,,"{""type"":""BigNumber"",""hex"":""0x00""}",0x7236f488df9cefae8158e5ad50ecb9a78fbc601c
,,137000000000000000000,,"{""type"":""BigNumber"",""hex"":""0x00""}",0xbbecc51931ce06e2895680ceb3179af08e084901
,,2953423298109116020640,,"{""type"":""BigNumber"",""hex"":""0x00""}",0x418d5565a445d06bbfb26900c9c462b73756d124
,,137000000000000000000,,"{""type"":""BigNumber"",""hex"":""0x00""}",0x4a51182454f744c4341ad9d766dc2d1344bb1843
,,137000000000000000000,,"{""type"":""BigNumber"",""hex"":""0x00""}",0xcb04f9f5e1ac544dffb0d479b696e7aadb76dbfb
,,137000000000000000000,,"{""type"":""BigNumber"",""hex"":""0x00""}",0x8e5e01dca1706f9df683c53a6fc9d4bb8d237153
,,7354924067968789284710,,"{""type"":""BigNumber"",""hex"":""0x00""}",0x570ffe3da00c163f5009b10e8c21d509629e4819
,,137000000000000000000,,"{""type"":""BigNumber"",""hex"":""0x00""}",0x3838137a3d54ae725ed762092101d4b738759b52
,,137000000000000000000,,"{""type"":""BigNumber"",""hex"":""0x00""}",0xe59f22ca2dc08abac14a263ce29109f3dfaee4ec
,,137000000000000000000,,"{""type"":""BigNumber"",""hex"":""0x00""}",0xc75f1ad2eaef79b729c8dd8bcbaeddd893f5a761
,,137000000000000000000,,"{""type"":""BigNumber"",""hex"":""0x00""}",0x4b00ac97c0ccd31e099193f26934e7d6492abf97
,,1603621657695880265992,,"{""type"":""BigNumber"",""hex"":""0x00""}",0xd1282134a3481cb548504073ea31e602228f15b1
,,274000000000000000000,,"{""type"":""BigNumber"",""hex"":""0x00""}",0xbfe384d79969bcb583b8a0e5fedc314aee480e7e
,,137000000000000000000,,"{""type"":""BigNumber"",""hex"":""0x00""}",0x6b3b856e974c61d141521725a73a58b916fba49a
,,1564837553707798631973,,"{""type"":""BigNumber"",""hex"":""0x00""}",0x71beaebdce158428d1fdd84ea4917d615180cdad
,,137000000000000000000,,"{""type"":""BigNumber"",""hex"":""0x00""}",0xbef891ebe07b892dde27c3b35c4ff2366a9394a9
,,137000000000000000000,,"{""type"":""BigNumber"",""hex"":""0x00""}",0xdb4a050be2afa534da940267c3e95ddb17a6ec5e
,,137000000000000000000,,"{""type"":""BigNumber"",""hex"":""0x00""}",0x182d6109df077d5e9b3bbf1ab5c967269a93f73e
,,274000000000000000000,,"{""type"":""BigNumber"",""hex"":""0x00""}",0x8d27df60a71261e13cac3c44b74c96b60d3a1e73
,,269983000266100443060,,"{""type"":""BigNumber"",""hex"":""0x00""}",0xe89f71e91dafec474ae97b8baa53029b30a5e9ec
,,1069523176636570694138,,"{""type"":""BigNumber"",""hex"":""0x00""}",0xec5f9994ebe1bdeaa009cb0a3e984c5c55bf3fdd
,,326986097883518329090,,"{""type"":""BigNumber"",""hex"":""0x00""}",0xbdcbedb96a6e0640e3999dde9fb8ec44d5160d1a
,,200000000000000000000,,"{""type"":""BigNumber"",""hex"":""0x00""}",0xd6eef3cf97a349960b0c976929bae90435b2bfb2
,,2913442124084923895280,,"{""type"":""BigNumber"",""hex"":""0x00""}",0xc99c5782f4538e6ddb48d1db3f0f2fbac9d75af5
,,529082460365086969364,,"{""type"":""BigNumber"",""hex"":""0x00""}",0x58fe1f6cb23d7eb2adae98fc479beb97ad0a15e7
,,154614563518693631390,,"{""type"":""BigNumber"",""hex"":""0x00""}",0xb01d0063978e8a6f96dbba91d681fc0c571040e9
,,137000000000000000000,,"{""type"":""BigNumber"",""hex"":""0x00""}",0x74fc165cf469c448eb7f02346ef3c98fc36c066e
,,109703821000000000000,,"{""type"":""BigNumber"",""hex"":""0x00""}",0x03b054a53c10f3a4e660fb49c303365c4ef9c9c1
,,137000000000000000000,,"{""type"":""BigNumber"",""hex"":""0x00""}",0x14d703168da74f0b3ae0bb364fc5cbc731faf711
,,137000000000000000000,,"{""type"":""BigNumber"",""hex"":""0x00""}",0xac61b7d3a5d9805ec7ee0f32ce0bacb3c34f8aa3
,,500358969484516358798,,"{""type"":""BigNumber"",""hex"":""0x00""}",0xfe1a00487dd9eb84a7363a1c827a6f045fb121e4
,,634554240338383328084,,"{""type"":""BigNumber"",""hex"":""0x00""}",0x2314a07fe06bb94d9d4d98044ed556a2104f92d0
,,2134241379144479079666,,"{""type"":""BigNumber"",""hex"":""0x00""}",0x02062b8727cdde62cd784382c60d738fcdbb736d
,,137000000000000000000,,"{""type"":""BigNumber"",""hex"":""0x00""}",0x0c24f8af31b9b552923ba36b29f484eabb7fa0d2
,,137000000000000000000,,"{""type"":""BigNumber"",""hex"":""0x00""}",0xbca143600d9718f30022b2463d597996bc410e5e
,,200000000000000000000,,"{""type"":""BigNumber"",""hex"":""0x00""}",0x6928881f808ea1fda00118fbb4aaf1d2e229e094
,,274000000000000000000,,"{""type"":""BigNumber"",""hex"":""0x00""}",0xc74a225561d7c2d02dce6ec664f799955d76af8e
,,137000000000000000000,,"{""type"":""BigNumber"",""hex"":""0x00""}",0x883e5bef307b99fba45335a612a40bc3d5a8b9c3
,,143021090289019683925,,"{""type"":""BigNumber"",""hex"":""0x00""}",0xeae9fed78b7e616b8a9802ab50a4467fc9570341
,,149122817784634719722,,"{""type"":""BigNumber"",""hex"":""0x00""}",0xfe32cb2bb7c4f1fcad4f4f6cfc2fec7b50987d12
,,3911415959682775315708,,"{""type"":""BigNumber"",""hex"":""0x00""}",0x866f98e4d2b0742110cd674214767140477bb342
,,80637069635416666666,,"{""type"":""BigNumber"",""hex"":""0x00""}",0xba2dc20329b21370b91e1306b1c0b4c0ff9adbd5
,,245000000000000000000,,"{""type"":""BigNumber"",""hex"":""0x00""}",0x0f7a1e945b12867e17cfc077649e584de032e1d1
,,137000000000000000000,,"{""type"":""BigNumber"",""hex"":""0x00""}",0xad549c7fcf1bd3e57bca464d9dce0a0d561599d1
,,242703712625710698287,,"{""type"":""BigNumber"",""hex"":""0x00""}",0x017cf1489eb1ff78ef8797dfc09662c845e187b9
,,424543165175012354079,,"{""type"":""BigNumber"",""hex"":""0x00""}",0xb1c6dc864459e37cb997457556363083158d3bf2
,,0,,"{""type"":""BigNumber"",""hex"":""0x00""}",0x8d0084c1452e8c66d0b49836e24422f370432adb
,,137000000000000000000,,"{""type"":""BigNumber"",""hex"":""0x00""}",0xf7229519d48cadd0748d54c15df8e6434aa66cbc
,,137000000000000000000,,"{""type"":""BigNumber"",""hex"":""0x00""}",0x668873889baf61df613878ef361d6019368b363b
,,137000000000000000000,,"{""type"":""BigNumber"",""hex"":""0x00""}",0xc47c4c896afe31e0c37ecdb54df7836313b6504c
,,137000000000000000000,,"{""type"":""BigNumber"",""hex"":""0x00""}",0x8633adaf2438703d6d7f953829a4fe0c95fbec44
,,158667097313349691116,,"{""type"":""BigNumber"",""hex"":""0x00""}",0x7341f66c6d8590df6324fa1b92c5b5d91519694a
,,137000000000000000000,,"{""type"":""BigNumber"",""hex"":""0x00""}",0x678d6baff256d0c16547125de2e9b3f413b3da5e
,,1639949024281556196182,,"{""type"":""BigNumber"",""hex"":""0x00""}",0xc8312f842c20bfc59301cb6fe0e7683a9107fded
,,137000000000000000000,,"{""type"":""BigNumber"",""hex"":""0x00""}",0x4aa512328f3c95e65b23616c0daf44cf3946cc2c
,,1500000000000000000000,,"{""type"":""BigNumber"",""hex"":""0x00""}",0xc561c9b7035732b4ebdbae6ac43d6a293ab53896
,,137000000000000000000,,"{""type"":""BigNumber"",""hex"":""0x00""}",0x17f79a80dffd39df8f87e73d1301924c7321accb
,,137000000000000000000,,"{""type"":""BigNumber"",""hex"":""0x00""}",0x71d87aabb42de94a7214976a05134935f73e64aa
,,137000000000000000000,,"{""type"":""BigNumber"",""hex"":""0x00""}",0x8db03d7ed6f6a081c561c242412c98080e9fa13a
,,137000000000000000000,,"{""type"":""BigNumber"",""hex"":""0x00""}",0x820adbe5bbaba72979949686e3d32f784542235d
,,823738332322335952192,,"{""type"":""BigNumber"",""hex"":""0x00""}",0xe8fbb9bd9ae5143c3c264e21ccc586ba745247b3
,,137000000000000000000,,"{""type"":""BigNumber"",""hex"":""0x00""}",0xbc9cd41205a7e719519e46b38fe3f1687752c83e
,,2783300546228428662800,,"{""type"":""BigNumber"",""hex"":""0x00""}",0xd939611c3ca425b4f6d4a82591eab3da43c2f4a0
,,654015263068285181479,,"{""type"":""BigNumber"",""hex"":""0x00""}",0x17a80e366db45ae9bb906d85c5cea73722f6ea44
,,12273076879941779654963,,"{""type"":""BigNumber"",""hex"":""0x00""}",0xe9554c002b8e72586e1d87f9c4f9c23b90a3b18b
,,295755415923483305451,,"{""type"":""BigNumber"",""hex"":""0x00""}",0x7e38ef3efcf528f3c8568cbb74080694118abc62
,,137000000000000000000,,"{""type"":""BigNumber"",""hex"":""0x00""}",0xa65ba816f1f01ef234b8480b81a2ed5b3544c61a
,,306373108313154046353,,"{""type"":""BigNumber"",""hex"":""0x00""}",0x0fd84d7cb911728737556684050782b298f70f0f
,,200071361545552986139,,"{""type"":""BigNumber"",""hex"":""0x00""}",0xfd9e6fd73a0694057b632d8d3d4925d99c374306
,,0,1,"{""type"":""BigNumber"",""hex"":""0x076d41c62494840000""}",0xe8d3365b994bc825c13eba334ba8296b4b471adb
,,1001973706172635292407,,"{""type"":""BigNumber"",""hex"":""0x00""}",0x2067bed542762d26e2755ce7d8776728f3429f48
,,0,,"{""type"":""BigNumber"",""hex"":""0x00""}",0xf1333e5e3f60b4fb42daaeda6b13e955ae17d265
,,137000000000000000000,,"{""type"":""BigNumber"",""hex"":""0x00""}",0x5c409d5a26b4d04b6838c466fdf152e2cf079a19
,,460775406550058026407,,"{""type"":""BigNumber"",""hex"":""0x00""}",0x6e5d0722af1aa13035da9397127a766c615bb848
,,917975265339081400690,,"{""type"":""BigNumber"",""hex"":""0x00""}",0x1496a57169889f697819905027d29349009e6239
,,0,,"{""type"":""BigNumber"",""hex"":""0x00""}",0x968fc2713bea147f179594f7beb70c61ac8561e8
,,274000000000000000000,,"{""type"":""BigNumber"",""hex"":""0x00""}",0x5c2c3764a4ba0a4ea4b81532aa48e3a72ad0655b
,,137000000000000000000,,"{""type"":""BigNumber"",""hex"":""0x00""}",0xeebf0b67cddb82b9ec7f673db3c9aee07846d402
,,1396557328825573784890,,"{""type"":""BigNumber"",""hex"":""0x00""}",0xf684dfc74feb721794d3502ea3428150ca5edf69
,,0,,"{""type"":""BigNumber"",""hex"":""0x00""}",0xa7a66e540962ccd3847042ba021e15c1729e9d3c
,,137000253001701380547,,"{""type"":""BigNumber"",""hex"":""0x00""}",0xdb6dacb2f48be340ab4fe422f1f7186a4986a2ca
,,482684456299885069271,,"{""type"":""BigNumber"",""hex"":""0x00""}",0x102e51c706eaf0293715af73c99f2a8589a2084d
,,411012922652213021834,,"{""type"":""BigNumber"",""hex"":""0x00""}",0xb0317fead6b9278845315ebecbb0d1eba3fdf8bf
,,137000000000000000000,,"{""type"":""BigNumber"",""hex"":""0x00""}",0x41374b389772d5aed41240a57f5ffb087c6bfa93
,,4000000000000000000000,,"{""type"":""BigNumber"",""hex"":""0x00""}",0x501fd8f371887d89df8bc6b4b74d1da402587282
,,16565455885390632963072,,"{""type"":""BigNumber"",""hex"":""0x00""}",0x368f1797bba819bcc1aeb481659baa3f7fee27ec
,,1061233955515873015873,,"{""type"":""BigNumber"",""hex"":""0x00""}",0x2947ecff9e26b9202817e446624c8c1c8dd01d27
,,137000000000000000000,,"{""type"":""BigNumber"",""hex"":""0x00""}",0xdae48d7b5c73a95f74caae08f7f92d3b7927f449
,,137000000000000000000,,"{""type"":""BigNumber"",""hex"":""0x00""}",0x29f872f02da8ace8890e8d3e5105a752cd3b5792
,,137000000000000000000,,"{""type"":""BigNumber"",""hex"":""0x00""}",0x2f9035f14d9134bed45e2642ae148f673f5ecb7e
,,137000000000000000000,,"{""type"":""BigNumber"",""hex"":""0x00""}",0x65b2689f54618359ecf7455d14fafbfcc180a47a
,,137000000000000000000,,"{""type"":""BigNumber"",""hex"":""0x00""}",0x4abc33cf81e0d21f42168d044f7002edd6b80b09
,,137000000000000000000,,"{""type"":""BigNumber"",""hex"":""0x00""}",0x28a7b0d5f5a57fe769b9305ac73b7c03d6451fa5
,,137000000000000000000,,"{""type"":""BigNumber"",""hex"":""0x00""}",0x670d89a5771e8122ec923c1d8ccdffb42f4131e8
,,1633307782443057373184,,"{""type"":""BigNumber"",""hex"":""0x00""}",0x2ede2905d8977f29e4fdbaea46f28aeb80051976
,,137000000000000000000,,"{""type"":""BigNumber"",""hex"":""0x00""}",0x5799d4668cfdd65ecc049ad57d4af08f02d63c5c
,,519630764922968403350,,"{""type"":""BigNumber"",""hex"":""0x00""}",0x4f9d8e0abcaf3eb5f4a8c5b876e6c9becdcb44e2
,,258464458819565035205,,"{""type"":""BigNumber"",""hex"":""0x00""}",0x9453e989d2b309f67fc139e1369c38cca3d8e8a9
,,940240847780994279971,,"{""type"":""BigNumber"",""hex"":""0x00""}",0x2cc8ad6eedf4e6b17e5f04baae4f6ac035d758b1
,,1000000000000000000000,,"{""type"":""BigNumber"",""hex"":""0x00""}",0x85162b355eee83ed8d29c3cada25b80ca86e80d1
,,464012686924588233979,,"{""type"":""BigNumber"",""hex"":""0x00""}",0x27903c0e534a314600f81783165985ef09db0743
,,6006809857357804232804,,"{""type"":""BigNumber"",""hex"":""0x00""}",0xb747f20b7b729d385a844ed200e8ce914cefc9d8
,,137000000000000000000,,"{""type"":""BigNumber"",""hex"":""0x00""}",0x7a1cec3e94de626f7869bbcabe11467219a25218
,,3218495881521238755090,,"{""type"":""BigNumber"",""hex"":""0x00""}",0xcc0af74c6a2a14734dadee5fead9741bb5a1b1fe
,,137000000000000000000,,"{""type"":""BigNumber"",""hex"":""0x00""}",0x2343c228d0d4974e0827db3ab07572979f26c09e
,,137000000000000000000,,"{""type"":""BigNumber"",""hex"":""0x00""}",0x9730299b10a30bdbaf81815c99b4657c685314ab
,,137000000000000000000,,"{""type"":""BigNumber"",""hex"":""0x00""}",0x764cc3ced132f1a7cf4fb06a49df1b846a585a4d
,,137000000000000000000,,"{""type"":""BigNumber"",""hex"":""0x00""}",0x8808dab383a6c74d032a63b149a3a83f75431e82
,,23274007522005241520,,"{""type"":""BigNumber"",""hex"":""0x00""}",0xab65150dfa0cb1dfcb7fdce566d4aefbe993b8e4
,,137000000000000000000,,"{""type"":""BigNumber"",""hex"":""0x00""}",0xa47161b6b78363c907df5af03f2182a7c13407f0
,,137000000000000000000,,"{""type"":""BigNumber"",""hex"":""0x00""}",0x69e69571d0d07edbede6c43849e8d877573ee6bf
,,137000000000000000000,,"{""type"":""BigNumber"",""hex"":""0x00""}",0xacd7302bd8dffbec505732851a7402f280c6a26d
,,137000000000000000000,,"{""type"":""BigNumber"",""hex"":""0x00""}",0xf988e0c45ee66006b7d815eeb3dd2c06b28ed1bc
,,137000000000000000000,,"{""type"":""BigNumber"",""hex"":""0x00""}",0xc044d6b11fc9bf5ad5a190f87912855e24970184
,,137000000000000000000,,"{""type"":""BigNumber"",""hex"":""0x00""}",0xcb1d177d7cb3a4985cf783fbd6cc42169f47b272
,,137000000000000000000,,"{""type"":""BigNumber"",""hex"":""0x00""}",0xdf3910d26836318379903a47bd26d0e05cc9a0f5
,,137000000000000000000,,"{""type"":""BigNumber"",""hex"":""0x00""}",0xae20a6f283e21a7876ccf847b0f629221c532892
,,16251006312519158750962,,"{""type"":""BigNumber"",""hex"":""0x00""}",0xa20014bcbb691cb27bda0c4d62f0ac3f591dfab2
,,137000000000000000000,,"{""type"":""BigNumber"",""hex"":""0x00""}",0x6858a4d8d7d0297c138b403b6a34cb3b424b7f4a
,,137000000000000000000,,"{""type"":""BigNumber"",""hex"":""0x00""}",0x1c78e69de4670e3d4d1b10b178be6692ca521b25
,,137000000000000000000,,"{""type"":""BigNumber"",""hex"":""0x00""}",0x4aecd37a8a314959fd48c39243361fee307dc424
,,1500420708456551982401,,"{""type"":""BigNumber"",""hex"":""0x00""}",0x01b317e9778c47fba20e30db001f9d72abfa2a6f
,,137000000000000000000,,"{""type"":""BigNumber"",""hex"":""0x00""}",0x940ec1a9bab489eebbb941de5e6432cea86d0def
,,137000000000000000000,,"{""type"":""BigNumber"",""hex"":""0x00""}",0x40c69a4b704ec8d58bc80b0c3eddbacfc453d2af
,,137000000000000000000,,"{""type"":""BigNumber"",""hex"":""0x00""}",0xf8819da929dd8415a46d614f3a75987a1d76e3dc
,,137000000000000000000,,"{""type"":""BigNumber"",""hex"":""0x00""}",0xb4766ba1651721a0562b1db1c75807fde590c24d
,,130000000000000000000,,"{""type"":""BigNumber"",""hex"":""0x00""}",0xb84ba5a323d8b4fed25b14d3c80a8c263da6d8c5
,,137000000000000000000,,"{""type"":""BigNumber"",""hex"":""0x00""}",0x57c41131600af2d0ea74d7a7ffab385063b89267
,,137000000000000000000,,"{""type"":""BigNumber"",""hex"":""0x00""}",0x35714b9bbd64c5911e5897a50672e24055c2ea70
,,2425648984651483130305,,"{""type"":""BigNumber"",""hex"":""0x00""}",0xb04ab2d263987a713e4855d6878264d477a7f109
,,137000000000000000000,,"{""type"":""BigNumber"",""hex"":""0x00""}",0x1da158559f54d81b13dda7b9602cb5e09468ac09
,,137000000000000000000,,"{""type"":""BigNumber"",""hex"":""0x00""}",0x32797af27c2c94a970f389f81e6efc67056e25af
,,1612378512193121693121,,"{""type"":""BigNumber"",""hex"":""0x00""}",0xd489e4269e483fdb49d999d843325e7faea9cfe0
,,5651375335430784845161,,"{""type"":""BigNumber"",""hex"":""0x00""}",0x5668ead1edb8e2a4d724c8fb9cb5ffeabeb422dc
,,137000000000000000000,,"{""type"":""BigNumber"",""hex"":""0x00""}",0x9f5ea6af1ce2e330c369b67bf31bdccc1e9a1123
,,182000561428668459237,,"{""type"":""BigNumber"",""hex"":""0x00""}",0x9ef4c5a9296fb3021384bda8f2e29311074d988b
,,137000000000000000000,,"{""type"":""BigNumber"",""hex"":""0x00""}",0xb1aa02625595619952ee2ea7943923f04cd60183
,,137000000000000000000,,"{""type"":""BigNumber"",""hex"":""0x00""}",0x7a60e93df6ed28c63d5e9283bd91b3c1dc3e613b
,,421582758421731588395,,"{""type"":""BigNumber"",""hex"":""0x00""}",0x6a6425d90dc5199e4be8cc310409bbb3a1b87492
,,2379542418582588481682,,"{""type"":""BigNumber"",""hex"":""0x00""}",0xd951a31acc55dfa390b19fe836354d8e6d71b1de
,,6023917161255472676672,,"{""type"":""BigNumber"",""hex"":""0x00""}",0x663209723924567f58017dbbc87f35c52aed6db1
,,137000000000000000000,,"{""type"":""BigNumber"",""hex"":""0x00""}",0xd9e919707f6b6f835f2fe8fbbdce33511de68b01
,,548000000000000000000,,"{""type"":""BigNumber"",""hex"":""0x00""}",0x43dcd31ad15067ace75660477c1036d6aa546b7d
,,0,,"{""type"":""BigNumber"",""hex"":""0x00""}",0xee1dd83c01fe8283f999291d232eef1a82212d24
,,137000000000000000000,,"{""type"":""BigNumber"",""hex"":""0x00""}",0xb8abc49ce1ba5feea6de3a048ffb86dd1719e8a2
,,111326550277987297423,,"{""type"":""BigNumber"",""hex"":""0x00""}",0x5fd41ece257465e201398dd97acc444f4fa70260
,,137000000000000000000,,"{""type"":""BigNumber"",""hex"":""0x00""}",0xb116d7259cf01cf4c260acf7b2dad0c517198452
,,137000000000000000000,,"{""type"":""BigNumber"",""hex"":""0x00""}",0x73bca04beb6a5a56969df1a1e7c4b6209852cd87
,,2567233270083695635761,,"{""type"":""BigNumber"",""hex"":""0x00""}",0x4690f9f73463772d79a3a5aca5c24d7015cdcc09
,,137000000000000000000,,"{""type"":""BigNumber"",""hex"":""0x00""}",0x3a4d436d17fefa809e47ab3eca600e2b71fd7592
,,86391489462301025180,,"{""type"":""BigNumber"",""hex"":""0x00""}",0xebacc96ea6449db03732e11f807188e4e57cca97
,,137000000000000000000,,"{""type"":""BigNumber"",""hex"":""0x00""}",0x0dd9d559ba968bc3cd56b2c601c8a2e1b1498319
,,137000000000000000000,,"{""type"":""BigNumber"",""hex"":""0x00""}",0x81ea04c179b82d31662994a68b2582ad9d860f88
,,137000000000000000000,,"{""type"":""BigNumber"",""hex"":""0x00""}",0x57a3e7088651b237cd363d7025554a63d47fc21f
,,137000000000000000000,,"{""type"":""BigNumber"",""hex"":""0x00""}",0x985147809e9c0a677e9c9bed656c984be037d373
,,137000000000000000000,,"{""type"":""BigNumber"",""hex"":""0x00""}",0x5a4fe7459620692b4b2f67e6eb8828006a5d2de6
,,1300000000000000000000,,"{""type"":""BigNumber"",""hex"":""0x00""}",0x82198cadd5ff999a0bfc5c9b84ea078464b0668b
,,548000000000000000000,,"{""type"":""BigNumber"",""hex"":""0x00""}",0xbd84c4e420a22d7639ec14ceedc39aabdcb2094e
,,137916457165987614725,,"{""type"":""BigNumber"",""hex"":""0x00""}",0x9f3bc1104ff63428026aafa5ace281f15fd0bc21
,,137000000000000000000,,"{""type"":""BigNumber"",""hex"":""0x00""}",0xdc52ff28fda77c9cea31c8206685fcd6553b8b35
,,137000000000000000000,,"{""type"":""BigNumber"",""hex"":""0x00""}",0xe29c7dac683ed26bc34350fddcde9f391de1e541
,,100000000000000000000,,"{""type"":""BigNumber"",""hex"":""0x00""}",0x18f52d29fd92269c5f50ce5fdde1f1bd2fc98fab
,,137000000000000000000,,"{""type"":""BigNumber"",""hex"":""0x00""}",0x9b7a93a5ee7c7687bf2f4a68fcf6779091d43755
,,58007920587094716189790,,"{""type"":""BigNumber"",""hex"":""0x00""}",0xf60595b5bb6fa8135c0feef89543521ff38ba83e
,,3029573657860878591745,,"{""type"":""BigNumber"",""hex"":""0x00""}",0x1fb99c83110726b40ba6bace5044580675d22f04
,,137000000000000000000,,"{""type"":""BigNumber"",""hex"":""0x00""}",0x998b2f783b68d3d118b938172921e37e33821d71
,,167470477048940156725,,"{""type"":""BigNumber"",""hex"":""0x00""}",0xcc7357203c0d1c0d64ed7c5605a495c8fbebac8c
,,1280873897342452259642,,"{""type"":""BigNumber"",""hex"":""0x00""}",0x4dbc6ec9f3b96e9b0c86f45cb0fed45666254f01
,,137000000000000000000,,"{""type"":""BigNumber"",""hex"":""0x00""}",0x587b938a8b21ea570325e91bdd01b161783a75e8
,,585932028906250000000,,"{""type"":""BigNumber"",""hex"":""0x00""}",0x0000ce08fa224696a819877070bf378e8b131acf
,,137000000000000000000,,"{""type"":""BigNumber"",""hex"":""0x00""}",0x52d4e9c6b23cfafa13938034814acdab895b6848
,,137000000000000000000,,"{""type"":""BigNumber"",""hex"":""0x00""}",0x2d0e9e8197c541704ead0aeb35ef5f03dc35bc6d
,,137000000000000000000,,"{""type"":""BigNumber"",""hex"":""0x00""}",0xeb7dda105fa58e0fc44b45cbba14cb9c7cd5c911
,,504682272316895267660,,"{""type"":""BigNumber"",""hex"":""0x00""}",0x1df70766fd4f025597713f2863e34d7d75777967
,,137000000000000000000,,"{""type"":""BigNumber"",""hex"":""0x00""}",0x581e0f4638a7c8be735879275b1d47be09e80d14
,,137000000000000000000,,"{""type"":""BigNumber"",""hex"":""0x00""}",0x72e2dcca1eb98407cbc771c65d1ef02dff5e2e22
,,19891370675690574934,,"{""type"":""BigNumber"",""hex"":""0x00""}",0x547b36b9710b5fdbcd89abf983c2b944bfc6c073
,,37983728250000000000000,,"{""type"":""BigNumber"",""hex"":""0x00""}",0x704c7a3d5cf7289751d2b5e2f129982b854c939d
,,137000000000000000000,,"{""type"":""BigNumber"",""hex"":""0x00""}",0xbe4aa0296b2b217d03ddfff792675cfca96a95b4
,,137000000000000000000,,"{""type"":""BigNumber"",""hex"":""0x00""}",0xae48ec9718e887f52758cd1dee1236b98cdfba93
,,9978487073776455026455,,"{""type"":""BigNumber"",""hex"":""0x00""}",0x72422558e6c0b60aeb37c901b79493faeda8db51
,,137000000000000000000,,"{""type"":""BigNumber"",""hex"":""0x00""}",0x87af71ffa2051dc58bbc2da8fdacbc036b701788
,,33888002082529273041,,"{""type"":""BigNumber"",""hex"":""0x00""}",0x74f25a745dc2aa47dacb3646523d7b25535dd909
,,137000000000000000000,,"{""type"":""BigNumber"",""hex"":""0x00""}",0xce2532d7ca69bb7302f3988a59da077dc4af70bf
,,137000000000000000000,,"{""type"":""BigNumber"",""hex"":""0x00""}",0x51cfb949f1f54bce74464a8c28c6802d0c02b108
,,126121906598464203293,,"{""type"":""BigNumber"",""hex"":""0x00""}",0xc874901c1aa292781110118ee4d3731c74e05b16
,,114228331000000000000,,"{""type"":""BigNumber"",""hex"":""0x00""}",0x73cb0f1b2d329cfa481c0577473c0abd32b15be5
,,1539732901158479131370,,"{""type"":""BigNumber"",""hex"":""0x00""}",0x3499f916b491eb1910dd2e3306d95915800e514a
,,137000000000000000000,,"{""type"":""BigNumber"",""hex"":""0x00""}",0x144579c1d14335580a4f7dcf14554099a30074c9
,,137000000000000000000,,"{""type"":""BigNumber"",""hex"":""0x00""}",0xa289364347bfc1912ab672425abe593ec01ca56e
,,137000000000000000000,,"{""type"":""BigNumber"",""hex"":""0x00""}",0x185541a045ed6fe9ff1142419b647cccbd62a04a
,,137000000000000000000,,"{""type"":""BigNumber"",""hex"":""0x00""}",0x90bb6df38b9bf66cfcb71f20dbb992de10e5b6ea
,,137000000000000000000,,"{""type"":""BigNumber"",""hex"":""0x00""}",0x60672216b00c41bd7aff704c61954bea8f081bee
,,291087200369031385946,,"{""type"":""BigNumber"",""hex"":""0x00""}",0x65f570384d6cc157a15eac9bfd9da88364d59b7f
,,137000000000000000000,,"{""type"":""BigNumber"",""hex"":""0x00""}",0x313638c16b16183be9ae577a0fab9fc5b5f60f69
,,10000000000000000000,,"{""type"":""BigNumber"",""hex"":""0x00""}",0x296897c5b419c2217719dc699d244e595d675d07
,,483240270758463828517,,"{""type"":""BigNumber"",""hex"":""0x00""}",0x70aefeb3b33a125d2ef7648b9229f9add3dae894
,,137000000000000000000,,"{""type"":""BigNumber"",""hex"":""0x00""}",0x495bd1adcfdbf432b559daa51a18e8cd32d74e12
,,274000000000000000000,,"{""type"":""BigNumber"",""hex"":""0x00""}",0x40aed6e410a780154a4dcf62c37dd8ba54f08ffe
,,1419098618964837726266,,"{""type"":""BigNumber"",""hex"":""0x00""}",0x647b41b745cf5e32e244e432902468c4bd89643c
,,280207533159420683166,,"{""type"":""BigNumber"",""hex"":""0x00""}",0x2eacd09e92273d5fb86cf40504917f664ee15da8
,,137000000000000000000,,"{""type"":""BigNumber"",""hex"":""0x00""}",0x15a49309a1d61436dfa67f6de07ee0235debe8bf
,,137000000000000000000,,"{""type"":""BigNumber"",""hex"":""0x00""}",0xcfaba3994c45aa03e479000300801ae35b39c388
,,137000000000000000000,,"{""type"":""BigNumber"",""hex"":""0x00""}",0xc3a8e613255d1ff15920656ae5fc6add02aaaede
,,137000000000000000000,,"{""type"":""BigNumber"",""hex"":""0x00""}",0xfb38ca629ada5710d697c0cacfe988af477bfbd5
,,137000000000000000000,,"{""type"":""BigNumber"",""hex"":""0x00""}",0xa0971b6a7e348c4bed0e65ff5c891230ccf045fc
,,137000000000000000000,,"{""type"":""BigNumber"",""hex"":""0x00""}",0x64c40df0f9e45f128ce2186c864a70f8e676f1b7
,,274000000000000000000,,"{""type"":""BigNumber"",""hex"":""0x00""}",0x4489fdb1005921e20cc7b4bdd49709b7cd5ad914
,,137000000000000000000,,"{""type"":""BigNumber"",""hex"":""0x00""}",0xb774299e256955fcd3c2b6cb8eadcb15ed26d7ab
,,137000000000000000000,,"{""type"":""BigNumber"",""hex"":""0x00""}",0xbb63203fa253b667f1d8d591954f5a14ba5613e2
,,99361500000000000000,,"{""type"":""BigNumber"",""hex"":""0x00""}",0xe34e1fd01f5d2d5533a586941f22dc8d4894a0d3
,,274000000000000000000,,"{""type"":""BigNumber"",""hex"":""0x00""}",0xc5dba66fbb40081a51f8f7e327660eb347fa441d
,,1214385302148956266040,,"{""type"":""BigNumber"",""hex"":""0x00""}",0xe551388b683bb1e34e27e5a7b00eabe79b080bf7
,,137000000000000000000,,"{""type"":""BigNumber"",""hex"":""0x00""}",0xaffb3b889e48745ce16e90433a61f4bcb95692fd
,,1388403414208939149664,,"{""type"":""BigNumber"",""hex"":""0x00""}",0xb0b9ab5999782332f218fc7ac7457ea0cd4a2caa
,,1000000000000000000000,,"{""type"":""BigNumber"",""hex"":""0x00""}",0xc68dd4c6078120b68fd19e77ead0d4c08e709c87
,,7769728425151428657005,,"{""type"":""BigNumber"",""hex"":""0x00""}",0x0c1345544fab2d81ee980af27d9940e885330a25
,,1300000000000000000000,,"{""type"":""BigNumber"",""hex"":""0x00""}",0x09f37fc3c3d8b6b789e6840c26faa7dd66baf76d
,,137000000000000000000,,"{""type"":""BigNumber"",""hex"":""0x00""}",0xee57d8989170370a6f88b2f99395b81204117bf2
,,16527957486095110546468,,"{""type"":""BigNumber"",""hex"":""0x00""}",0x69cef33a702b73fbc4d4a28fd73b4131c15d32f7
,,137000000000000000000,,"{""type"":""BigNumber"",""hex"":""0x00""}",0x3d5329bed1b4fb5172831882fb35446a00aa90ab
,,1792318603919506284106,,"{""type"":""BigNumber"",""hex"":""0x00""}",0x81e54d48d32e0139954ce01849f41ee11e74c31c
,,3642078075853613531899,,"{""type"":""BigNumber"",""hex"":""0x00""}",0xe4f154288fe636924429f0ff67f35a0f93aab10b
,,100000000000000000000000,,"{""type"":""BigNumber"",""hex"":""0x00""}",0xc3c14f31c8db2417d1695fa6c8bebe8f2804677e
,,2177595755972041870165,,"{""type"":""BigNumber"",""hex"":""0x00""}",0x157c932690651e938654c2872619af9fc967f221
,,137000000000000000000,,"{""type"":""BigNumber"",""hex"":""0x00""}",0xec5c16f3eaf86a801a3e89201dd39bddd1786cbf
,,137000000000000000000,,"{""type"":""BigNumber"",""hex"":""0x00""}",0x9cf77b8f5c607716f17e740abee1427d31d31f4f
,,785706715922352798875,,"{""type"":""BigNumber"",""hex"":""0x00""}",0x6475ccd47d2572ce4a739e023c75025b8f600e34
,,2661000000000000000000,,"{""type"":""BigNumber"",""hex"":""0x00""}",0xbcecf3e57a8123163c56e0657a1027ce93343189
,,196670032930395641268,,"{""type"":""BigNumber"",""hex"":""0x00""}",0xe2d128323cf7560a6e7a82726d7b425aedc7a556
,,10000000000000000000000,,"{""type"":""BigNumber"",""hex"":""0x00""}",0x9e4748fef62d2cd4f16bda3893e477616609db37
,,300000000000000000000,,"{""type"":""BigNumber"",""hex"":""0x00""}",0x1826c97a60b94ff15f260e06e3c94ee9d407307b
,,215342591572058833624,,"{""type"":""BigNumber"",""hex"":""0x00""}",0xbcb4c8386c097589e7825aaeb9e7c6295835f1d6
,,137000000000000000000,,"{""type"":""BigNumber"",""hex"":""0x00""}",0xbf8641831d15c2701ba122981c3d7a6a2533ea48
,,574271069116516344386,,"{""type"":""BigNumber"",""hex"":""0x00""}",0x184f36eb3344584e7bae0d25c9b15f50ecf6c343
,,6406313921478998587912,,"{""type"":""BigNumber"",""hex"":""0x00""}",0x0add13cde4c61734f46e245b1b5fe3afe9b6bc29
,,137000000000000000000,,"{""type"":""BigNumber"",""hex"":""0x00""}",0x4ebe485c1df060f6fc6e3c3b200ebc21fe11a94d
,,175000000000000000000,,"{""type"":""BigNumber"",""hex"":""0x00""}",0x2b194c26f0ed2db25abbe17a89cbcb328ccf3d55
