balance,address,isContract,pendingReward,totalThalesLP,totalWETHLP,totalThales
19936.311590190628,0xbdfa4f4492dd7b7cf211209c4791af8d52bf5c50,,10394.187242411517,37986.46328990066,7.2375319991018525,48380.65053231218
7511.703896025213,0x663209723924567f58017dbbc87f35c52aed6db1,,7094.173518778186,14312.730968318356,2.726993760571571,21406.90448709654
7174.90120149566,0xb0a6f90f11c5ae94e30476a7534191194492a91b,,1404.7924100408206,13670.990236397734,2.6047233863344044,15075.782646438554
3984.6843187544846,0x7724c19b5ac3230b8b74457291a5f1c2e09496b1,,,7592.380562043711,1.4465705019124449,7592.380562043711
3798.883959642184,0x2ef3546c9c854607968a1cdf16224dfee8a59ac1,,3115.7173312828127,7238.358280201843,1.3791189054405304,10354.075611484655
3577.039220168718,0x7f9c8843926de4b2ea6cbf9381f9f2fa81c58ed6,,6614.272017748803,6815.657370159244,1.2985820221004025,13429.929387908047
1750.2767644709102,0x0f45156f109e474295913d78036fa213b1745d5a,,1373.6322262973633,3334.9611215674527,0.6354076095186844,4708.593347864816
1538.8360015406372,0xf993f7945d410e20e2726f4fa02cc557d5e9fafe,,2284.6347397778336,2932.083851983074,0.5586477093385867,5216.718591760908
1532.5355391605822,0x7b86b623bceeabff09f5d48e84f8d1a5cbacdfc6,,146.4819716743661,2920.0790093708065,0.5563604357936034,3066.5609810451724
1269.3662050971034,0x7355ca5613e3c943f6df3652e7fc4e4a8b800976,,619.9632173303113,2418.6385998845926,0.4608213754287999,3038.601817214904
1024.604020410338,0x92a2931beeb8403324dc1d6d44b6db54b439f518,,325.2186781611324,1952.2710021823943,0.3719647112546621,2277.4896803435267
939.8806741397498,0x18dab98444b7fc6fc5ddfeaa549950b279c2ba40,,1735.692241594147,1790.8399236027044,0.34120737046319494,3526.5321651968516
781.7206190683563,0x46a929e95c585e23d411b452ca14568da143901b,,1246.4673152454614,1489.4832208486064,0.28379010677425115,2735.9505360940675
747.5410625264146,0xfbabd7a2f65e7efd4e7e9fa4485acc3c9cac27ad,,,1424.357810665692,0.271381811836228,1424.357810665692
746.9286347549053,0xb01894d164649e97fe8f5a1c1a41a2e7b89b11e8,,950.4133565916287,1423.1908964672,0.2711594805602853,2373.604253058829
702.2967847957098,0xe34dc471b6921a1d8afe9b6acc02432574ff7a24,,146.9475911766387,1338.1497833021383,0.25495666185947163,1485.097374478777
689.8993637786978,0x5beed0516cbf1857183c9fe25179eb3b3c2fdf43,,1074.000335596144,1314.5278522231774,0.2504559932723539,2388.5281878193214
624.5126167661562,0xbbbed66bab4a426f42e9359ec32f2d47276139df,,,1189.9405506151882,0.22671846932367637,1189.9405506151882
509.29953312050645,0x5d47e871f81f84d3154aec772bcce14973112c69,,146.8983160847723,970.4146090877123,0.18489235841904564,1117.3129251724845
503.27429585073014,0x68c196c0933e809e24d7b7265a68ed6eda24d086,,861.5119956960127,958.9341778491719,0.18270500057479708,1820.4461735451846
409.8922108746253,0x23a2b7ef057bc535168e7541f77b21690acfe6ef,,720.8212796248965,781.004818808427,0.14880425493787833,1501.8260984333235
394.7977299256249,0xc71aa06eaa903cb8ac2eb46ecbae77a143c1cc52,,468.05137940475726,752.2439347374018,0.14332446554032613,1220.295314142159
379.70690617334543,0x334bc680d521d64f48bd09b10bd24e598dc0da0d,,686.2606614631898,723.4900190551057,0.13784600382458584,1409.7506805182954
352.4696488269584,0xbdb3d2d8e1f390a1070210e612ef5082cd2bce27,,246.31481795461,671.5924014027416,0.12795799015062004,917.9072193573517
329.4905348244693,0x24f99023f6741b27d3bf6189c7f3ae2fa45eed8f,,228.91224207067899,627.8082106039035,0.11961582153273707,856.7204526745825
288.4945506433443,0x378c34bdd07c8865ea3d1972308191e7caf58f07,,487.7664895880341,549.6948423870917,0.1047329408151445,1037.4613319751259
286.7838019519623,0x521d155cee171dad885eae47a97a8c489c3c70c9,,531.6574020750872,546.4351976895538,0.10411188318669175,1078.092599764641
284.1166046298568,0x5e968bc1086d87158f1779fc851cf69355953fd6,,518.6608054230871,541.3531446375272,0.10314360347861598,1060.0139500606142
273.3105136012877,0x86bb864b38cb0c13ae0f2e6560ffef3b3667f8d1,,503.7180732944466,520.7633189665621,0.09922063963193543,1024.4813922610088
271.03312814197926,0xf0c34155f57d6953ed22cbecab9764c7c9da2fbb,,499.1371990083753,516.4240098242662,0.09839387435685093,1015.5612088326416
214.2592864185641,0x2226f49efe9f1b59b0243b54db33bb3f0b8b0679,,273.6989678052989,408.24765811062815,0.07778311622708035,681.946625915927
211.93534449675437,0x973f891536483cc32ccb9a93c152dee1dbc229f2,,54.63856758351254,403.8196407162711,0.07693944943610644,458.4582082997837
176.39918543679397,0x388e2ac942b8f08d1ce55a5188e0dd3988b3a43c,,304.77897551408734,336.1093726715315,0.06403866349292399,640.8883481856188
168.9778050711247,0x9ef4c5a9296fb3021384bda8f2e29311074d988b,,122.32243993273987,321.9687433206341,0.061344460122804804,444.29118325337396
141.56422627932,0xa9214877410560b17560955ca84eabde4e30dcca,,254.38866921030785,269.73516442071025,0.05139243600751111,524.1238336310181
141.4592207770242,0x3be8c0e364f52bc04a0763acd0a2de183e8c3d3a,,262.82041469698385,269.5350879100602,0.051354315581899304,532.3555026070441
138.27546706483417,0x72c53e2496414345608fe066ef586ba0898bfbbc,,254.670916891074,263.4687931009593,0.050198509039400624,518.1397099920333
136.0764077483961,0x81c288d8e25d6a1af714a3fadecaa90b0b5936c0,,,259.2787258651878,0.049400178711413834,259.2787258651878
136.07640774839592,0xb24ce065a3a9bbcced4b74b6f4435b852286396d,,,259.2787258651875,0.04940017871141378,259.2787258651875
136.06312014984042,0xd18a8a30372b7a9fb8aa0ee8b85524a3a6ea3928,,250.9544138279806,259.25340779807885,0.04939535487931717,510.20782162605946
132.3159860734406,0x77bfecac1d1eb046d8a75c1d4cdabe267180646c,,76.23462897191416,252.11365326567406,0.04803502287105278,328.34828223758825
131.5188600005832,0x8a9b0848e2c19de117a3f2c23a5fef709e63cbb5,,223.83081452725804,250.5948166359878,0.04774564008158723,474.42563116324584
131.33473234499942,0x6fb737d1ebb73cda6cfa36fd16d9273065d1b084,,238.4242847167562,250.24398150794283,0.047678795731107525,488.66826622469904
130.8831965580672,0xf38b740359d0a7ee22580c91e10083bb1a4988c7,,,249.3836294053595,0.047514873498457955,249.3836294053595
130.5366793488659,0x6b719561b3c2163cab0ace33d2495d54a70edd3f,,236.4500092051624,248.72337872723904,0.04738907643823003,485.1733879324014
128.94736232905373,0x280ded1b7e430bed0cbb0aace452fd2adef2b581,,66.05946691594251,245.69510881101166,0.04681210247112633,311.75457572695416
128.09056225820197,0x4bdfc44bfb2f5329cd1647002cbb664a43dcf945,,,244.06256989873822,0.04650105607211873,244.06256989873822
127.88778215342413,0x6f9bb7e454f5b3eb2310343f0e99269dc2bb8a1d,,,243.67619456691125,0.04642744027360598,243.67619456691125
127.85046976334289,0xa665d83457cb91c3b254b35a5d61143f66473be7,,,243.60509988474462,0.046413894657810685,243.60509988474462
127.74869238103648,0x9aa91f046a058f739c1bb79141a1c62159b6276a,,,243.41117420399698,0.0463769461451485,243.41117420399698
126.38124778913745,0xfdb714222de5bfd1fb0571b22878a52488c46538,,228.05297497808525,240.80565795510847,0.04588051911319251,468.8586329331937
126.38124778913722,0x9160ab7ee16e69aabf910c41c46bb798c8f9546f,,,240.80565795510805,0.04588051911319243,240.80565795510805
125.66452498356364,0xe52a291b177de546cd146fcb25f489378caea21f,,178.82444993848563,239.44002096554817,0.04562032533480179,418.26447090403383
122.09737874856617,0x2716f282d60a4210b7cbf39933743034fd0b3ba5,,24.052125967888642,232.64321359762405,0.04432533478931027,256.6953395655127
121.76780941935043,0x54019b5f44120e750ca9f8ef866936a39b76c6ee,,,232.01525525291746,0.04420569036284098,232.01525525291746
120.41988246563291,0x4906e4f95ad546ce865916f65c825e00630bffa8,,,229.44692773088718,0.04371634887076766,229.44692773088718
118.13834166322889,0xcd917bf1dbae5dd0de7daae63926ec81b42faf77,,,225.09970103637792,0.0428880750704735,225.09970103637792
107.11273124115384,0x0872c017f10da047acc1a098c1e09b5560686d8a,1,169.93335495213984,204.0916051480203,0.03888541851695823,374.0249601001601
105.53238454588356,0x0b98c377b62702748898c5c4c9ccc2e2f35f084d,,3.55001822929273,201.08042720501814,0.03831170107053141,204.63044543431087
94.89840627104552,0xe696b3b1986c96fc677327f94bae2df3bb1d0af3,,173.64676345313748,180.8185435794887,0.03445121977268878,354.4653070326262
83.02207935235698,0xdb6dacb2f48be340ab4fe422f1f7186a4986a2ca,,153.48111586436107,158.18950036481513,0.030139725356234333,311.6706162291762
75.1319111189996,0x63e62588330657c99ba79139e7c21af0c0db1e7e,,120.99762366267898,143.15564695659276,0.027275336684895603,264.1532706192717
70.57659948422429,0x01e863c402f2e901ba264c3b0b2d6b8606eff2ba,,,134.47599839644528,0.02562160983710751,134.47599839644528
66.20205516531551,0x44a798fbf8e99c64d1fe674e177f412c6eba422d,,120.0536963433418,126.14078220419661,0.024033507426771496,246.1944785475384
63.14946480130407,0xc3c87e6ebe68bd212a4d099013328d474ed14b1f,,,120.32440482280174,0.022925317461956068,120.32440482280174
24.098782805597526,0x03b054a53c10f3a4e660fb49c303365c4ef9c9c1,,41.62960355029954,45.917597356701755,0.008748644948985264,87.5472009070013
21.255333867360566,0x73cb0f1b2d329cfa481c0577473c0abd32b15be5,,38.87729443264758,40.49971610918999,0.007716380149892334,79.37701054183756
17.961203330305466,0xaedb30ab917ae96cab92b9b7a8c1d1870dce92cc,,32.88213465152697,34.223110321208935,0.006520503216323255,67.1052449727359
6.839922081454591,0x5b81c4b7ce418437886ddf59eb18e8c520ec47cc,,12.671932475255959,13.03272412640253,0.0024831150291736385,25.70465660165849
4.122282725497082,0xe14c7cc4c4f690dd3332c0848c788b03c9637b87,,,7.854559290683181,0.0014965232159498292,7.854559290683181
2.552e-15,0x535272ad36cfcef42d06e794187c540aedc23373,,,4.862557142391631e-15,9.26459319124803e-19,4.862557142391631e-15
2.546e-15,0xe8a8ffc888a4c078b09974ed0af9bee1ececc056,,,4.851124798012967e-15,9.242811232334438e-19,4.851124798012967e-15
2.541e-15,0x0eeacd4c475040463389d15ead034d1291b008b1,,,4.841597844364081e-15,9.224659599906444e-19,4.841597844364081e-15
2.464e-15,0xf68d2bfcecd7895bba05a7451dd09a1749026454,,,4.69488275817123e-15,8.94512446051534e-19,4.69488275817123e-15
2.435e-15,0x442dc7d2e50a30dd218914784f6840c5557f18a8,,,4.639626427007689e-15,8.839844992432974e-19,4.639626427007689e-15
2.389e-15,0xcc15f837dbf16d9d7f311a7ce19f495893497dd1,,,4.551978453437934e-15,8.672849974095432e-19,4.551978453437934e-15
2.307e-15,0xbee2d469aacb46251ae33cca91f482e26c971dff,,,4.395736413596196e-15,8.375163202276334e-19,4.395736413596196e-15
2.212e-15,0x23cf8ab359e16929944f1aa8de0d3c5dcd3a520e,,,4.214724294267354e-15,8.030282186144453e-19,4.214724294267354e-15
2.163e-15,0x4a343860b1a27137bbf4fd0ab3342ddb801df4f6,,,4.121360148508267e-15,7.852396188350113e-19,4.121360148508267e-15
2.064e-15,0x35468da556854b412503284d6b03cbe82cd08f0b,,,3.932726466260316e-15,7.492993866275836e-19,3.932726466260316e-15
2.055e-15,0xdac09f37e132d91b962f30e6ec40d2d08b82b0fa,1,,3.9155779496923206e-15,7.460320927905447e-19,3.9155779496923206e-15
2.046e-15,0x9c57027b1eca93093a6f446422c59c85a5a3fa52,,,3.898429433124325e-15,7.427647989535059e-19,3.898429433124325e-15
1.971e-15,0x43c21cc46637ae611d2b3beead90a73ae56362b3,,,3.755525128391028e-15,7.155373503115151e-19,3.755525128391028e-15
1.963e-15,0x5e190617c7cfb30c3c87dd55920e117280d3f8e6,,,3.7402820025528104e-15,7.126330891230363e-19,3.7402820025528104e-15
1.928e-15,0x77724a942dd4b490a4289a71a6d1ffe92c0025fc,1,,3.673593327010606e-15,6.999269464234406e-19,3.673593327010606e-15
1.895e-15,0xd87ecc6c74f486b044824a222326a96f696fcfa2,,,3.610715432927955e-15,6.879468690209646e-19,3.610715432927955e-15
1.874e-15,0xcb9120133f6a19224059b9ed11d141b11d6439a9,,,3.570702227602632e-15,6.803231834012073e-19,3.570702227602632e-15
1.849e-15,0xd9012a0c82242b04ee09e45e98b24903f982d975,,,3.5230674593581997e-15,6.712473671872103e-19,3.5230674593581997e-15
1.847e-15,0xe855bdfcbdb38e8705d8d52b756da1028468b1bc,,,3.519256677898645e-15,6.705213018900906e-19,3.519256677898645e-15
1.844e-15,0xab7ab9b6495072c1136f96e301bd8f8de900f119,,,3.5135405057093136e-15,6.694322039444109e-19,3.5135405057093136e-15
1.842e-15,0x2e0d63ffcb08ea20ff3acdbb72dfec97343885d2,,,3.509729724249759e-15,6.687061386472912e-19,3.509729724249759e-15
1.822e-15,0x9b815dd3e2d30cfef33266fa4c6a7b37bd99edfe,,,3.4716219096542133e-15,6.614454856760937e-19,3.4716219096542133e-15
1.812e-15,0xa66c49fc508306de126229174f8fc624c3313d68,,,3.45256800235644e-15,6.578151591904949e-19,3.45256800235644e-15
1.807e-15,0xf3e11d89b07e738f31de12e8d8cfa0eac7867a37,,,3.4430410487075538e-15,6.559999959476955e-19,3.4430410487075538e-15
1.78e-15,0x214f7b85a0f0aa067bcc2ea6263dd4b0ede8957c,,,3.3915954990035675e-15,6.46198114436579e-19,3.3915954990035675e-15
1.763e-15,0x6d9148e201304aa9cca58a759a134a3fb58fe718,,,3.3592038565973533e-15,6.4002655941106105e-19,3.3592038565973533e-15
1.749e-15,0x682c4184286415344a35a0ff6699bb8edabddc17,,,3.3325283863804715e-15,6.3494410233122275e-19,3.3325283863804715e-15
1.727e-15,0x2db6f5e838ed2bad993e9ff2d3d7a5c1cc35704c,,,3.2906097903253713e-15,6.269573840629055e-19,3.2906097903253713e-15
1.72e-15,0xf534b46711affef626c75b4df62f2e92131efa99,,,3.27727205521693e-15,6.244161555229864e-19,3.27727205521693e-15
1.714e-15,0x1efe03b911d97cf5d86da4a70500ea9f6e8bcfcb,,,3.2658397108382664e-15,6.222379596316271e-19,3.2658397108382664e-15
1.712e-15,0x801ac3cd444a6245dbafbddcab42e3c358b99108,,,3.2620289293787118e-15,6.215118943345073e-19,3.2620289293787118e-15
1.711e-15,0xd2e35e31396edb10a11abec5748ee939d3f420a0,,,3.2601235386489345e-15,6.211488616859474e-19,3.2601235386489345e-15
1.678e-15,0xf3f49dd68586335ee3b01a86368043508c962c2a,,,3.1972456445662843e-15,6.091687842834716e-19,3.1972456445662843e-15
1.672e-15,0x1df70766fd4f025597713f2863e34d7d75777967,,,3.1858133001876205e-15,6.069905883921123e-19,3.1858133001876205e-15
1.634e-15,0xd81f3a7f6d6eebcafec979a0b8b31e4f2f8e718a,,,3.1134084524560834e-15,5.93195347746837e-19,3.1134084524560834e-15
1.623e-15,0xdf5fa32b726a5118281e74ad3b7c707423e28f8b,,,3.0924491544285335e-15,5.892019886126783e-19,3.0924491544285335e-15
1.61e-15,0xbf49b454818783d12bf4f3375ff17c59015e66cb,,,3.0676790749414286e-15,5.844825641814e-19,3.0676790749414286e-15
1.593e-15,0x0cdb8f67f7093688d02fee5c0645aee007efef4f,,,3.035287432535215e-15,5.783110091558822e-19,3.035287432535215e-15
1.592e-15,0x4ab3d7f4c46e511ca09eecdac483e43ed96bd7aa,,,3.0333820418054376e-15,5.779479765073222e-19,3.0333820418054376e-15
1.589e-15,0x4977c1b189e23efac9bade4df7e2582676fe78e3,,,3.0276658696161057e-15,5.768588785616426e-19,3.0276658696161057e-15
1.585e-15,0xecee5497b9dbb82e1804e3224f67d00d8d891c69,,,3.0200443066969965e-15,5.754067479674031e-19,3.0200443066969965e-15
1.583e-15,0x462fc0edb96fe6be1ffba7ec49c0035d63122486,,,3.0162335252374423e-15,5.746806826702834e-19,3.0162335252374423e-15
1.58e-15,0x7d06257b0c7028ef7abfead603ffccc955767470,,,3.0105173530481104e-15,5.735915847246038e-19,3.0105173530481104e-15
1.564e-15,0x1091fb53079f123e823859919e9f7be919b754e9,,,2.9800311013716735e-15,5.677830623476457e-19,2.9800311013716735e-15
1.558e-15,0x0f4cd6be5aef5857352e1c6d481f4c2c3bc9c4fe,,,2.96859875699301e-15,5.656048664562865e-19,2.96859875699301e-15
1.55e-15,0x7c52606470fd31e00ee707514d4deaec29b352f0,,,2.9533556311547917e-15,5.627006052678074e-19,2.9533556311547917e-15
1.548e-15,0xe21658615163c9a74e9b9c2f1d8acafa25a99be4,,,2.949544849695237e-15,5.619745399706877e-19,2.949544849695237e-15
1.544e-15,0x24fc7a0751bbf53c239cc1d21d2951a5b21f733d,,,2.941923286776128e-15,5.605224093764482e-19,2.941923286776128e-15
1.542e-15,0x2d9bc3424ff1c4ec6d24d6219ddc781759870977,,,2.9381125053165733e-15,5.597963440793284e-19,2.9381125053165733e-15
1.541e-15,0xde61973789e6e87d40c0b336c0236ccdbc7a47a3,,,2.936207114586796e-15,5.594333114307686e-19,2.936207114586796e-15
1.526e-15,0x4f1b4a2d5cf60240df3035688db8cceb97170301,,,2.907626253640137e-15,5.539878217023704e-19,2.907626253640137e-15
1.519e-15,0x9b616ac1d31f17be9b23560d93699ca7732e2808,,,2.8942885185316958e-15,5.514465931624513e-19,2.8942885185316958e-15
1.496e-15,0x7dd508a1e4da1243789b799a480f8b45e58b1b5b,,,2.8504645317468182e-15,5.430968422455741e-19,2.8504645317468182e-15
1.483e-15,0x479c4a69b481449c4b92694eb32758cfc920735a,,,2.8256944522597137e-15,5.383774178142958e-19,2.8256944522597137e-15
1.478e-15,0xff5144b6d2aaa53eade50c308c23d5c2151582d2,,,2.8161674986108272e-15,5.365622545714964e-19,2.8161674986108272e-15
1.442e-15,0x800ad781c2755da8dce0e23fad9b56e5b751458b,,,2.7475734323388448e-15,5.234930792233409e-19,2.7475734323388448e-15
1.438e-15,0xc789026a0f0b15c532c77405491331997f2b2bbc,,,2.739951869419736e-15,5.220409486291014e-19,2.739951869419736e-15
1.43e-15,0x9c59990ec0177d87ed7d60a56f584e6b06c639a2,,,2.7247087435815175e-15,5.191366874406223e-19,2.7247087435815175e-15
1.423e-15,0xebacc96ea6449db03732e11f807188e4e57cca97,,,2.7113710084730764e-15,5.165954589007032e-19,2.7113710084730764e-15
1.42e-15,0x31e5825a0901b7c18620d213bbf93140c5d69198,,,2.7056548362837445e-15,5.155063609550236e-19,2.7056548362837445e-15
1.416e-15,0x4f50d47d20380172746527bbeaa274940c38efac,,,2.6980332733646353e-15,5.140542303607841e-19,2.6980332733646353e-15
1.405e-15,0xc874901c1aa292781110118ee4d3731c74e05b16,,,2.6770739753370854e-15,5.100608712266254e-19,2.6770739753370854e-15
1.404e-15,0x54e5e90a6679314e8339bb1ed74beab5ca19324a,,,2.675168584607308e-15,5.096978385780656e-19,2.675168584607308e-15
1.402e-15,0x39f6b2d21a5f93291fba2eb2cc1e435d21bcbc89,,,2.6713578031477535e-15,5.089717732809458e-19,2.6713578031477535e-15
1.396e-15,0x280a8675cf1d930c638f4f9eb9dbe75823801d5a,,,2.6599254587690897e-15,5.067935773895866e-19,2.6599254587690897e-15
1.38e-15,0xda610b7cef2285b7b81cb605538bc3f83999b2ce,,,2.6294392070926533e-15,5.009850550126285e-19,2.6294392070926533e-15
1.373e-15,0xdba05689994d7f71e13f1e61e4b4e12f7d95eefd,,,2.616101471984212e-15,4.984438264727094e-19,2.616101471984212e-15
1.367e-15,0xc8d46eb7881975f9ae15216feeba2ff58e55803c,,,2.6046691276055483e-15,4.962656305813502e-19,2.6046691276055483e-15
1.359e-15,0x9f3bc1104ff63428026aafa5ace281f15fd0bc21,,,2.5894260017673303e-15,4.933613693928711e-19,2.5894260017673303e-15
1.355e-15,0xc910d747306e29c5c2ee7967e0604abc83689246,,,2.581804438848221e-15,4.919092387986317e-19,2.581804438848221e-15
1.346e-15,0xd5f5902901bbe4221c633a4a491a21ab7e4ac091,,,2.5646559222802254e-15,4.886419449615928e-19,2.5646559222802254e-15
1.34e-15,0xf4e433724488e6417633a3e4801532cc1356e38e,,,2.553223577901562e-15,4.864637490702336e-19,2.553223577901562e-15
1.335e-15,0x9ee21e4af3448e98e90e7771618d012eb199f83c,,,2.5436966242526755e-15,4.846485858274341e-19,2.5436966242526755e-15
1.324e-15,0xcfb7a4a57a0eb87499836d501716c1116f9d6c29,,,2.522737326225125e-15,4.806552266932755e-19,2.522737326225125e-15
1.317e-15,0xe61f90a6bce05e1b13655ceb64b3760691691d2b,,,2.509399591116684e-15,4.781139981533563e-19,2.509399591116684e-15
1.315e-15,0x595f16d20959880bfede2c95adb86762f5d155da,,,2.50558880965713e-15,4.773879328562367e-19,2.50558880965713e-15
1.287e-15,0x16beca2e3ae6c7b751828df3e9f4995d61e5fdcb,,,2.452237869223366e-15,4.672230186965601e-19,2.452237869223366e-15
1.284e-15,0xd8e88db8b3e6dd20e1d2f5af1a4a8e1b5b16133d,,,2.446521697034034e-15,4.661339207508805e-19,2.446521697034034e-15
1.275e-15,0x0056d1fd2ca3c0f3a7b6ed6cdd1f1f104b4bf9a9,,,2.4293731804660382e-15,4.628666269138416e-19,2.4293731804660382e-15
1.261e-15,0x463c2d71d08090fc7dfdddb3704a8b5521c727ea,,,2.4026977102491564e-15,4.577841698340033e-19,2.4026977102491564e-15
1.259e-15,0xd18001f022154654149ed45888c9c29def6d3ce6,,,2.3988869287896018e-15,4.570581045368836e-19,2.3988869287896018e-15
1.249e-15,0xf824d66b06e95b5a232d6d9ef19846064f97150e,,,2.3798330214918288e-15,4.534277780512849e-19,2.3798330214918288e-15
1.241e-15,0x96a6505172a24e54a56147cf884bd4c2f315f741,,,2.3645898956536108e-15,4.505235168628059e-19,2.3645898956536108e-15
1.24e-15,0x64916cd4b15045fd156bc2a6460cd3207638e289,,,2.3626845049238335e-15,4.50160484214246e-19,2.3626845049238335e-15
1.24e-15,0xed9ca75f828747fe3da57f05b89665df6b1b54fe,,,2.3626845049238335e-15,4.50160484214246e-19,2.3626845049238335e-15
1.227e-15,0x8c42138c925d1049ec6b29f1ecf817b1628e54ba,,,2.3379144254367285e-15,4.454410597829676e-19,2.3379144254367285e-15
1.226e-15,0x7173ce51d1b494320229e06bbdbe0da258b9b547,,,2.3360090347069512e-15,4.450780271344077e-19,2.3360090347069512e-15
1.214e-15,0x32dbc2201d6804b743e353fbbcc767598ba56901,,,2.313144345949624e-15,4.407216353516892e-19,2.313144345949624e-15
1.203e-15,0xf42a339f93c1fa4c5d9ace33db308a504e7b0bde,,,2.2921850479220737e-15,4.367282762175306e-19,2.2921850479220737e-15
1.189e-15,0x5614137ea33147428f5df217a16e9e3e5c6bec32,,,2.265509577705192e-15,4.3164581913769233e-19,2.265509577705192e-15
1.181e-15,0xbfb910652f850f85e3f85aa0c12ae8f4037095b0,,,2.2502664518669735e-15,4.287415579492133e-19,2.2502664518669735e-15
1.171e-15,0x4129d2e32a342b598640f2d0f8e75814cef74a39,,,2.231212544569201e-15,4.251112314636146e-19,2.231212544569201e-15
1.165e-15,0x2207c2fdb9bcf6dfc831e316d1c891912df80e35,,,2.219780200190537e-15,4.229330355722553e-19,2.219780200190537e-15
1.158e-15,0xa728ada3eb99f9fe120c2014d2095784bd7f6cd4,,,2.2064424650820963e-15,4.203918070323362e-19,2.2064424650820963e-15
1.157e-15,0xcafbae907f447696181399a589740aa771345ffa,,,2.2045370743523186e-15,4.200287743837763e-19,2.2045370743523186e-15
1.147e-15,0xbcbe92712d4b4d99b7cdeed533141fd323820375,,,2.1854831670545456e-15,4.1639844789817747e-19,2.1854831670545456e-15
1.117e-15,0x39bbb8c321fdf88804c4f82487cb91115f1ec780,,,2.1283214451612274e-15,4.0550746844138128e-19,2.1283214451612274e-15
1.11e-15,0xa8d092b8b1a07ef7b8b409ced7cfb13c0e46e439,,,2.1149837100527867e-15,4.0296623990146217e-19,2.1149837100527867e-15
1.096e-15,0x4bed23c363f51c4ff842eb0c1cded2010e4491a5,,,2.0883082398359044e-15,3.9788378282162387e-19,2.0883082398359044e-15
1.094e-15,0x90069c262b30e44d04db1e394cd1b573f397e441,,,2.08449745837635e-15,3.9715771752450413e-19,2.08449745837635e-15
1.086e-15,0x8f4973646c18059fda3672d7b7dd505e911b40d8,,,2.069254332538132e-15,3.9425345633602516e-19,2.069254332538132e-15
1.084e-15,0x9d89d94b429340feb333958216ef6c5c4c1c93c7,,,2.0654435510785772e-15,3.9352739103890536e-19,2.0654435510785772e-15
1.081e-15,0x95f0f96a993c6444e5ede567692f938056c9ad6d,,,2.059727378889245e-15,3.9243829309322575e-19,2.059727378889245e-15
1.062e-15,0x83560d47550bb1d52e4da82560971fe03e52526a,,,2.0235249550234766e-15,3.8554067277058804e-19,2.0235249550234766e-15
1.057e-15,0x841b152e501cdcb4f0452e5d69e8efad407759f3,,,2.01399800137459e-15,3.8372550952778873e-19,2.01399800137459e-15
1.056e-15,0x8cd9f9c08c6a3f891bc570f1d6a3dc91c1f62bb0,,,2.0120926106448128e-15,3.833624768792288e-19,2.0120926106448128e-15
1.045e-15,0x57e954efe71d0edcc812a3db836587ed7811a54c,,,1.991133312617263e-15,3.793691177450702e-19,1.991133312617263e-15
1.043e-15,0x243a4f33b4a9b3a45aded0c291cd64716ca80a8e,,,1.9873225311577083e-15,3.7864305244795043e-19,1.9873225311577083e-15
1.032e-15,0x7b36c434223b00ac272cf1f40f1acbb15683d392,,,1.966363233130158e-15,3.746496933137918e-19,1.966363233130158e-15
1.024e-15,0x73ddb14abf93ec0fa0e9d55df0f14ed4a7228dbf,,,1.95112010729194e-15,3.717454321253128e-19,1.95112010729194e-15
1.015e-15,0xd46f07a728228dd2c61e929499ce8abaf85e86c0,,,1.9339715907239442e-15,3.684781382882739e-19,1.9339715907239442e-15
1.001e-15,0x1b89a08d82079337740e1cef68c571069725306e,,,1.9072961205070624e-15,3.6339568120843568e-19,1.9072961205070624e-15
9.98e-16,0xa37ec72f16b09664b633213defdc0fc077c225ed,,,1.9015799483177305e-15,3.6230658326275606e-19,1.9015799483177305e-15
9.84e-16,0x24b8af8c459306cd220ee6dcf5aa0198ed8776f0,,,1.8749044781008483e-15,3.5722412618291776e-19,1.8749044781008483e-15
9.81e-16,0xf9107317b0ff77ed5b7adea15e50514a3564002b,,,1.8691883059115164e-15,3.5613502823723814e-19,1.8691883059115164e-15
9.62e-16,0x61d84d65d0cd1b0d22eea94a80f15554e3304e49,,,1.832985882045748e-15,3.4923740791460053e-19,1.832985882045748e-15
9.44e-16,0x9549748671a58a962b523ced4c88144bf656f742,,,1.798688848909757e-15,3.4270282024052275e-19,1.798688848909757e-15
9.16e-16,0x4cae5bed586f6e73ae54ebd40a4ac4ed2c477c34,,,1.7453379084759932e-15,3.3253790608084624e-19,1.7453379084759932e-15
9.09e-16,0x2ecb2571202cc33a3e9a5a810d6e0a035bb6eab1,,,1.732000173367552e-15,3.299966775409271e-19,1.732000173367552e-15
9.06e-16,0xc34359fab3d2df508e4f994af5a6418c2dbb132d,,,1.72628400117822e-15,3.2890757959524743e-19,1.72628400117822e-15
8.96e-16,0x50b45f7642dd729c12a25b32271f932ba522b4a6,,,1.7072300938804473e-15,3.252772531096487e-19,1.7072300938804473e-15
8.89e-16,0x63b461a9577cdaea028f25d059868d9abe6eddbf,,,1.6938923587720064e-15,3.227360245697296e-19,1.6938923587720064e-15
8.86e-16,0x3bdb6119802ef01eab4e2a74bedb5e0227bed49a,,,1.6881761865826745e-15,3.2164692662404995e-19,1.6881761865826745e-15
8.74e-16,0x0a653bd08e2b0a80d1d212d33032953db8298efd,,,1.6653114978253471e-15,3.1729053484133144e-19,1.6653114978253471e-15
8.67e-16,0xe966c59c15566a994391f6226fee5bc0ef70f87a,,,1.651973762716906e-15,3.147493063014123e-19,1.651973762716906e-15
8.65e-16,0x59b4c80adfe4901b86065c0b8ccaa4c4b0477b72,,,1.6481629812573514e-15,3.1402324100429254e-19,1.6481629812573514e-15
8.64e-16,0xe34a1b6c29a1e6803cabc7608a595c731186c114,,,1.6462575905275743e-15,3.1366020835573267e-19,1.6462575905275743e-15
8.63e-16,0x1f3e2ab8fe0c6e1f47acdcaa0b3b9db4044f7909,,,1.644352199797797e-15,3.132971757071728e-19,1.644352199797797e-15
8.59e-16,0x248fe4ba35afb279ecde583a05f231a0d0a2ef93,,,1.6367306368786878e-15,3.1184504511293327e-19,1.6367306368786878e-15
8.38e-16,0x956a64f1028de63b3984637ddd10ae96662b3acd,,,1.5967174315533649e-15,3.042213594931759e-19,1.5967174315533649e-15
8.31e-16,0xf860e7fd132d8041ee84ca45aa5fa027cd1b3ae6,,,1.5833796964449237e-15,3.0168013095325676e-19,1.5833796964449237e-15
8.3e-16,0x1acd07f8bdb36dc813e714d8d53e3ccbc656fa2f,,,1.5814743057151464e-15,3.013170983046969e-19,1.5814743057151464e-15
8.26e-16,0x574795f73afae9fd16dc42bd89686b86203921e6,,,1.5738527427960374e-15,2.998649677104574e-19,1.5738527427960374e-15
8.25e-16,0x74be4a3d0288315b6b97a1b91c66acfc9bf2e4cb,,,1.5719473520662601e-15,2.9950193506189753e-19,1.5719473520662601e-15
8.24e-16,0x647b41b745cf5e32e244e432902468c4bd89643c,,,1.5700419613364828e-15,2.9913890241333766e-19,1.5700419613364828e-15
8.17e-16,0x5fd41ece257465e201398dd97acc444f4fa70260,,,1.5567042262280417e-15,2.965976738734185e-19,1.5567042262280417e-15
8.12e-16,0xfe1a00487dd9eb84a7363a1c827a6f045fb121e4,,,1.5471772725791554e-15,2.9478251063061915e-19,1.5471772725791554e-15
8.05e-16,0x0045fa93dedb0af02956f7d7c306b34263688872,,,1.5338395374707143e-15,2.922412820907e-19,1.5338395374707143e-15
7.8e-16,0x09c42e280047fd190ea406819fd68419f7a1e5a1,,,1.4862047692262822e-15,2.831654658767031e-19,1.4862047692262822e-15
7.68e-16,0x6236b9a8477d934dd1bfc9899bd8a11b8a670afc,,,1.4633400804689547e-15,2.788090740939846e-19,1.4633400804689547e-15
7.45e-16,0x83f953956671d9f88adf75bbe2ecea58c76ad98e,,,1.4195160936840772e-15,2.7045932317710746e-19,1.4195160936840772e-15
7.39e-16,0xf916719c7251e109cf3d1a977b6cad198b630c32,,,1.4080837493054136e-15,2.682811272857482e-19,1.4080837493054136e-15
7.38e-16,0x36d960741d2ea0bfccfa23838828af528e38cd9a,,,1.4061783585756363e-15,2.679180946371883e-19,1.4061783585756363e-15
7.11e-16,0xa7d7ac8fe7e8693b5599c69cc7d4f6226677845b,,,1.3547328088716496e-15,2.5811621312607168e-19,1.3547328088716496e-15
6.93e-16,0xdca7125336a3ada3ece34860efebc230b6e3cc2e,,,1.3204357757356585e-15,2.5158162545199394e-19,1.3204357757356585e-15
6.89e-16,0xe551388b683bb1e34e27e5a7b00eabe79b080bf7,,,1.3128142128165493e-15,2.501294948577544e-19,1.3128142128165493e-15
6.69e-16,0x088873f2bf4490e7676536c261d96f47c78df56b,,,1.2747063982210037e-15,2.428688418865569e-19,1.2747063982210037e-15
6.56e-16,0x929bb6ecf071851079190e8133adf392918f0b42,,,1.249936318733899e-15,2.3814941745527854e-19,1.249936318733899e-15
6.48e-16,0x7a7c5a94495c9c9c60d88a85f7e43b657c3b6b5c,,,1.2346931928956806e-15,2.352451562667995e-19,1.2346931928956806e-15
6.45e-16,0xc00fc2775cce5b61ffd6ec1eec0de0119f25dc87,,,1.2289770207063489e-15,2.341560583211199e-19,1.2289770207063489e-15
6.24e-16,0xcc0af74c6a2a14734dadee5fead9741bb5a1b1fe,,,1.1889638153810257e-15,2.265323727013625e-19,1.1889638153810257e-15
6.21e-16,0x272334d31fe14f3f0da1e30fb8afa3f244ca9535,,,1.183247643191694e-15,2.254432747556829e-19,1.183247643191694e-15
6.12e-16,0xd785a0b9393f8280e1da72c81b8e6d18eda81db6,,,1.1660991266236983e-15,2.22175980918644e-19,1.1660991266236983e-15
6e-16,0xa0c2d3ad9c5100a6a5daa03dc6bab01f0d54c361,,,1.1432344378663709e-15,2.178195891359255e-19,1.1432344378663709e-15
5.97e-16,0x0a27f53e3d044465d07607ef7a048e71809f295e,,,1.1375182656770392e-15,2.1673049119024587e-19,1.1375182656770392e-15
5.88e-16,0xf420b8148d70d86ffd945c61ee0c0d0678bdf08e,,,1.1203697491090435e-15,2.1346319735320695e-19,1.1203697491090435e-15
5.87e-16,0x00ae7fe77ab7c4e77f894c76c167dc310766c57a,,,1.1184643583792662e-15,2.1310016470464708e-19,1.1184643583792662e-15
5.66e-16,0xc40d9c885c9b732884135869ebb702d48a43f895,,,1.0784511530539432e-15,2.054764790848897e-19,1.0784511530539432e-15
5.6e-16,0xf600fd970bc2054d81afb1646b50531d7567b22c,,,1.0670188086752796e-15,2.0329828319353045e-19,1.0670188086752796e-15
5.6e-16,0x3ebe9f00c3fccd09294a053dfe4ccf5a70787082,,,1.0670188086752796e-15,2.0329828319353045e-19,1.0670188086752796e-15
5.45e-16,0x10b0a72ea6110a4b985e21f62c4e30d09ccec89c,,,1.0384379477286203e-15,1.978527934651323e-19,1.0384379477286203e-15
5.42e-16,0x5a34f25040ba6e12daea0512d4d2a0043ecc9292,,,1.0327217755392886e-15,1.9676369551945268e-19,1.0327217755392886e-15
5.25e-16,0x7553fa99ab1f429551eec660708c08e14e30584f,,,1.0003301331330745e-15,1.9059214049393477e-19,1.0003301331330745e-15
5.25e-16,0xf0754756e71aac7ad2b6497e7006f5e44d68d592,,,1.0003301331330745e-15,1.9059214049393477e-19,1.0003301331330745e-15
5.07e-16,0x26fae3a7cb7da6c764e86540115d4b8a1d5590a8,,,9.660330999970835e-16,1.84057552819857e-19,9.660330999970835e-16
5e-16,0x8a5e92de1a48d41141c487fa6747760e0a905ff2,,,9.526953648886425e-16,1.815163242799379e-19,9.526953648886425e-16
4.98e-16,0x59b2f9fcf70c128c02ff7825375abe1260bfc339,,,9.48884583429088e-16,1.8079025898281813e-19,9.48884583429088e-16
4.92e-16,0x9307a483c286814c425ecc7e71a2cce53a629e4b,,,9.374522390504241e-16,1.7861206309145888e-19,9.374522390504241e-16
4.9e-16,0x83dedbb4d75df6ea216ccf3af93a7995f3ae46d1,,,9.336414575908695e-16,1.7788599779433914e-19,9.336414575908695e-16
4.79e-16,0x17ea85484cd4e97be63fc02f20a196edeaa937a9,,,9.126821595633194e-16,1.738926386601805e-19,9.126821595633194e-16
4.74e-16,0x86aabcd459587bc1a347ae1e2d15223856354ec9,,,9.031552059144331e-16,1.7207747541738112e-19,9.031552059144331e-16
4.62e-16,0x5ffd5cec88490d984d3f83496592b65c1225871c,,,8.802905171571057e-16,1.677210836346626e-19,8.802905171571057e-16
4.39e-16,0x470eadc5c82465da642bb58a9c8ac822953de312,,,8.364665303722281e-16,1.5937133271778546e-19,8.364665303722281e-16
4.28e-16,0xcb2a9c2ce7e3d060700d72cfe5e6d2bb9959f2f4,,,8.155072323446779e-16,1.5537797358362683e-19,8.155072323446779e-16
4.15e-16,0xbdf1301d0db4417f985ebb04d9cb4a05ae07a9ef,,,7.907371528575732e-16,1.5065854915234845e-19,7.907371528575732e-16
4.12e-16,0x0034daf2e65f6ef82bc6f893dbbfd7c232a0e59c,,,7.850209806682414e-16,1.4956945120666883e-19,7.850209806682414e-16
4.02e-16,0x408132a5c6b09aa8dff7b877ad9a3d3fe6abdcc3,,,7.659670733704686e-16,1.4593912472107006e-19,7.659670733704686e-16
3.92e-16,0x752cdfdffaeebe73bb1388f69f94553ade64c988,,,7.469131660726957e-16,1.423087982354713e-19,7.469131660726957e-16
3.89e-16,0x2cac0e180211dab120c3d4f32b298946f46e393b,,,7.411969938833639e-16,1.4121970028979168e-19,7.411969938833639e-16
3.83e-16,0x97df8e364d2046afde3fd4cd393b396dfff8ce5c,,,7.297646495047002e-16,1.3904150439843243e-19,7.297646495047002e-16
3.75e-16,0x9c4d592042f959254485d443bbc337d29572264f,,,7.145215236664819e-16,1.361372432099534e-19,7.145215236664819e-16
3.6e-16,0xa2b33ce05f8ac6ba011f9e0aeb296be4c1f54bf7,,,6.859406627198225e-16,1.3069175348155528e-19,6.859406627198225e-16
3.56e-16,0xe3053cde2124eaa6103ddde8e5c6bd36c66f716e,,,6.783190998007134e-16,1.2923962288731577e-19,6.783190998007134e-16
3.42e-16,0x8be60fe9f7c8d940d8da9d5ddd0d8e0c15a4288b,,,6.516436295838314e-16,1.2415716580747752e-19,6.516436295838314e-16
3.11e-16,0xc2596d2f8b5e0285ebf7b6144b8e539d6dfbe893,,,5.925765169607357e-16,1.1290315370212138e-19,5.925765169607357e-16
3.09e-16,0xab1a0b1f018faf9fc2e18e848127e56e7fec1eb2,,,5.887657355011811e-16,1.121770884050016e-19,5.887657355011811e-16
3.03e-16,0x814fcc59f54c375729084f48a91eafd232e8f19e,,,5.773333911225174e-16,1.0999889251364236e-19,5.773333911225174e-16
2.93e-16,0x624f99c45a6a414cbe744bda4022b98bb2375770,,,5.582794838247444e-16,1.0636856602804359e-19,5.582794838247444e-16
2.93e-16,0x9e4e0ac376dc518e4dee21a89c21d6e11b93f17c,,,5.582794838247444e-16,1.0636856602804359e-19,5.582794838247444e-16
2.8e-16,0x2f9677016cb1e92e8f8a999c4541650c80c8637a,,,5.335094043376398e-16,1.0164914159676522e-19,5.335094043376398e-16
2.76e-16,0x6928881f808ea1fda00118fbb4aaf1d2e229e094,,,5.258878414185306e-16,1.0019701100252571e-19,5.258878414185306e-16
2.75e-16,0x5e3391f90a523c61ed5844cb3aa1c81f3238d9e1,,,5.239824506887533e-16,9.983397835396584e-20,5.239824506887533e-16
2.51e-16,0xbb10a4cfbad91566b48944ebbf7292a55b484ae6,,,4.782530731740985e-16,9.112119478852882e-20,4.782530731740985e-16
2.46e-16,0x0b9a2bc8b54ff80c352c7f13586b16e7d3f1407b,,,4.687261195252121e-16,8.930603154572944e-20,4.687261195252121e-16
2.44e-16,0x6555e1cc97d3cba6eaddebbcd7ca51d75771e0b8,,,4.649153380656576e-16,8.85799662486097e-20,4.649153380656576e-16
2.34e-16,0x972708fc31269cda00849015ea3c3b648c145d42,,,4.4586143076788465e-16,8.494963976301093e-20,4.4586143076788465e-16
2.3e-16,0xae15a8f0db29c6c7a840abc445abe3cd3b0af472,,,4.3823986784877554e-16,8.349750916877143e-20,4.3823986784877554e-16
2.18e-16,0xfe0ebcacfcca78e2dab89210b70b6755fe209419,,,4.1537517909144813e-16,7.914111738605292e-20,4.1537517909144813e-16
2.15e-16,0xb92667e34cb6753449adf464f18ce1833caf26e0,,,4.0965900690211627e-16,7.80520194403733e-20,4.0965900690211627e-16
2.06e-16,0xd2eeff73117c86c14f11a6052620848f8dd6e0c8,,,3.925104903341207e-16,7.478472560333442e-20,3.925104903341207e-16
2.03e-16,0xd2c32f54a26285decf30e6d208f722e7d5fd3f58,,,3.8679431814478885e-16,7.369562765765479e-20,3.8679431814478885e-16
1.97e-16,0xbbf3e43681886f30835eb3ce8ec210b8ff16e85d,,,3.7536197376612514e-16,7.151743176629553e-20,3.7536197376612514e-16
1.96e-16,0x3e86eac93a2dbb4faeb8709d77d451aeda710ef9,,,3.7345658303634784e-16,7.115439911773565e-20,3.7345658303634784e-16
1.94e-16,0xb83c15a93b65a57c59a568068dfee5da911146b8,,,3.696458015767933e-16,7.042833382061591e-20,3.696458015767933e-16
1.86e-16,0x8125fdbc90f5f5442215d149973e824fe4b641f6,,,3.54402675738575e-16,6.75240726321369e-20,3.54402675738575e-16
1.85e-16,0x1b90b46f9bd6bdcf0addc4d0601dfad832fdb1bd,,,3.5249728500879773e-16,6.716103998357702e-20,3.5249728500879773e-16
1.85e-16,0x510b0068c0756bbefcbaffb6567e467d661291fe,,,3.5249728500879773e-16,6.716103998357702e-20,3.5249728500879773e-16
1.78e-16,0x00929c5c2c4f00b540e429247669eb6fcd8b1dbf,,,3.391595499003567e-16,6.461981144365789e-20,3.391595499003567e-16
1.73e-16,0x026439f5f63c64472aa2a6c639003e1f5e8c8058,,,3.296325962514703e-16,6.280464820085852e-20,3.296325962514703e-16
1.72e-16,0xf9f80337bf4c3881fe93180a34adf4cf32a779d8,,,3.27727205521693e-16,6.244161555229863e-20,3.27727205521693e-16
1.7e-16,0xdf5b3f79a47926ccda98821d5417d0c1299cabe8,,,3.2391642406213845e-16,6.171555025517889e-20,3.2391642406213845e-16
1.66e-16,0xb1776c152080228214c2e84e39a93311ff3c03c1,,,3.1629486114302935e-16,6.026341966093938e-20,3.1629486114302935e-16
1.56e-16,0x65b13f809265d21719d83c9d16d47dd7772ebe2a,,,2.9724095384525643e-16,5.663309317534062e-20,2.9724095384525643e-16
1.53e-16,0x81aa6141923ea42fcaa763d9857418224d9b025a,,,2.915247816559246e-16,5.5543995229661e-20,2.915247816559246e-16
1.49e-16,0x37ffbbee75b446b2854efff46736642be7a70a95,,,2.8390321873681547e-16,5.409186463542149e-20,2.8390321873681547e-16
1.37e-16,0xd253c7cc525345922cb1de7824a753d21083dede,,,2.6103852997948805e-16,4.9735472852702984e-20,2.6103852997948805e-16
1.3e-16,0xcdb7361e0793350be029f2b1139621597e4cb053,,,2.4770079487104704e-16,4.719424431278385e-20,2.4770079487104704e-16
1.28e-16,0x3499f916b491eb1910dd2e3306d95915800e514a,,,2.438900134114925e-16,4.64681790156641e-20,2.438900134114925e-16
1.14e-16,0xef6ea539e3c71c1399c9d12c2b3eda2a0dff9c9e,,,2.172145431946105e-16,4.138572193582584e-20,2.172145431946105e-16
1.11e-16,0xe6981106f75a97ae808a72733089070ce9a08cd5,,,2.1149837100527864e-16,4.029662399014621e-20,2.1149837100527864e-16
9e-17,0x8630821cd31ff019e7addfe0d21c3f401a436d0f,,,1.7148516567995563e-16,3.267293837038882e-20,1.7148516567995563e-16
7.1e-17,0x21f6f13f78a18c3b12616e7ebe8b3fdff869b14f,,,1.3528274181418723e-16,2.5775318047751177e-20,1.3528274181418723e-16
6.7e-17,0x34dab9a3e3b68c82ca933c0a4c4e0c30da794722,,,1.276611788950781e-16,2.4323187453511678e-20,1.276611788950781e-16
6.4e-17,0xb729973d8c89c3225daf9bc2b2f2e6805f1e641b,,,1.2194500670574625e-16,2.323408950783205e-20,1.2194500670574625e-16
6.1e-17,0x186e20ae3530520c9f3e6c46f2f5d1062b784761,,,1.162288345164144e-16,2.2144991562152424e-20,1.162288345164144e-16
6.1e-17,0x02062b8727cdde62cd784382c60d738fcdbb736d,,,1.162288345164144e-16,2.2144991562152424e-20,1.162288345164144e-16
5e-17,0x41c66454192d0d6a923847987f8f80acb7c6c466,,,9.526953648886425e-17,1.815163242799379e-20,9.526953648886425e-17
3.2e-17,0x953c786daff4d4aa3a54e5ff1eb186cfd7353d22,,,6.097250335287312e-17,1.1617044753916026e-20,6.097250335287312e-17
2.6e-17,0xe4aac6b026c5f8ace5a7411647b4f23c76a3ee42,,,4.954015897420941e-17,9.43884886255677e-21,4.954015897420941e-17
